ATM_ID,CLIENT_OUT,DATE
12,34205.0,2017-08-16
12,87595.0,2017-08-17
12,2329.9999999999977,2017-08-18
12,2755.0,2017-08-19
12,389.9999999999993,2017-08-20
12,14924.999999999998,2017-08-21
12,37790.0,2017-08-22
12,34205.0,2017-08-23
12,87595.0,2017-08-24
12,2329.9999999999977,2017-08-25
12,2755.0,2017-08-26
12,389.9999999999993,2017-08-27
12,14924.999999999998,2017-08-28
12,37790.0,2017-08-29
12,34205.0,2017-08-30
12,87595.0,2017-08-31
12,2329.9999999999977,2017-09-01
12,2755.0,2017-09-02
12,389.9999999999993,2017-09-03
12,14924.999999999998,2017-09-04
12,37790.0,2017-09-05
12,34205.0,2017-09-06
12,87595.0,2017-09-07
12,2329.9999999999977,2017-09-08
12,2755.0,2017-09-09
12,389.9999999999993,2017-09-10
12,14924.999999999998,2017-09-11
12,37790.0,2017-09-12
12,34205.0,2017-09-13
12,87595.0,2017-09-14
12,2329.9999999999977,2017-09-15
12,2755.0,2017-09-16
12,389.9999999999993,2017-09-17
16,38765.0,2017-08-16
16,32100.0,2017-08-17
16,32154.99999999999,2017-08-18
16,0.0,2017-08-19
16,0.0,2017-08-20
16,16660.0,2017-08-21
16,19705.0,2017-08-22
16,38765.0,2017-08-23
16,32100.0,2017-08-24
16,32154.99999999999,2017-08-25
16,0.0,2017-08-26
16,0.0,2017-08-27
16,16660.0,2017-08-28
16,19705.0,2017-08-29
16,38765.0,2017-08-30
16,32100.0,2017-08-31
16,32154.99999999999,2017-09-01
16,0.0,2017-09-02
16,0.0,2017-09-03
16,16660.0,2017-09-04
16,19705.0,2017-09-05
16,38765.0,2017-09-06
16,32100.0,2017-09-07
16,32154.99999999999,2017-09-08
16,0.0,2017-09-09
16,0.0,2017-09-10
16,16660.0,2017-09-11
16,19705.0,2017-09-12
16,38765.0,2017-09-13
16,32100.0,2017-09-14
16,32154.99999999999,2017-09-15
16,0.0,2017-09-16
16,0.0,2017-09-17
62,61720.0,2017-08-16
62,29134.999999999993,2017-08-17
62,51039.99999999999,2017-08-18
62,16890.0,2017-08-19
62,19790.0,2017-08-20
62,45780.0,2017-08-21
62,23694.999999999993,2017-08-22
62,61720.0,2017-08-23
62,29134.999999999993,2017-08-24
62,51039.99999999999,2017-08-25
62,16890.0,2017-08-26
62,19790.0,2017-08-27
62,45780.0,2017-08-28
62,23694.999999999993,2017-08-29
62,61720.0,2017-08-30
62,29134.999999999993,2017-08-31
62,51039.99999999999,2017-09-01
62,16890.0,2017-09-02
62,19790.0,2017-09-03
62,45780.0,2017-09-04
62,23694.999999999993,2017-09-05
62,61720.0,2017-09-06
62,29134.999999999993,2017-09-07
62,51039.99999999999,2017-09-08
62,16890.0,2017-09-09
62,19790.0,2017-09-10
62,45780.0,2017-09-11
62,23694.999999999993,2017-09-12
62,61720.0,2017-09-13
62,29134.999999999993,2017-09-14
62,51039.99999999999,2017-09-15
62,16890.0,2017-09-16
62,19790.0,2017-09-17
83,467445.0,2017-08-16
83,311379.99999999994,2017-08-17
83,621195.0,2017-08-18
83,315160.0,2017-08-19
83,385920.0,2017-08-20
83,437944.99999999994,2017-08-21
83,485254.99999999994,2017-08-22
83,467445.0,2017-08-23
83,311379.99999999994,2017-08-24
83,621195.0,2017-08-25
83,315160.0,2017-08-26
83,385920.0,2017-08-27
83,437944.99999999994,2017-08-28
83,485254.99999999994,2017-08-29
83,467445.0,2017-08-30
83,311379.99999999994,2017-08-31
83,621195.0,2017-09-01
83,315160.0,2017-09-02
83,385920.0,2017-09-03
83,437944.99999999994,2017-09-04
83,485254.99999999994,2017-09-05
83,467445.0,2017-09-06
83,311379.99999999994,2017-09-07
83,621195.0,2017-09-08
83,315160.0,2017-09-09
83,385920.0,2017-09-10
83,437944.99999999994,2017-09-11
83,485254.99999999994,2017-09-12
83,467445.0,2017-09-13
83,311379.99999999994,2017-09-14
83,621195.0,2017-09-15
83,315160.0,2017-09-16
83,385920.0,2017-09-17
110,184785.0,2017-08-16
110,221335.0,2017-08-17
110,354465.0,2017-08-18
110,5025.0,2017-08-19
110,4089.9999999999995,2017-08-20
110,170845.0,2017-08-21
110,193474.99999999997,2017-08-22
110,184785.0,2017-08-23
110,221335.0,2017-08-24
110,354465.0,2017-08-25
110,5025.0,2017-08-26
110,4089.9999999999995,2017-08-27
110,170845.0,2017-08-28
110,193474.99999999997,2017-08-29
110,184785.0,2017-08-30
110,221335.0,2017-08-31
110,354465.0,2017-09-01
110,5025.0,2017-09-02
110,4089.9999999999995,2017-09-03
110,170845.0,2017-09-04
110,193474.99999999997,2017-09-05
110,184785.0,2017-09-06
110,221335.0,2017-09-07
110,354465.0,2017-09-08
110,5025.0,2017-09-09
110,4089.9999999999995,2017-09-10
110,170845.0,2017-09-11
110,193474.99999999997,2017-09-12
110,184785.0,2017-09-13
110,221335.0,2017-09-14
110,354465.0,2017-09-15
110,5025.0,2017-09-16
110,4089.9999999999995,2017-09-17
118,112000.0,2017-08-16
118,116129.99999999999,2017-08-17
118,96959.99999999999,2017-08-18
118,949.9999999999973,2017-08-19
118,99.99999999999964,2017-08-20
118,97849.99999999999,2017-08-21
118,99229.99999999999,2017-08-22
118,112000.0,2017-08-23
118,116129.99999999999,2017-08-24
118,96959.99999999999,2017-08-25
118,949.9999999999973,2017-08-26
118,99.99999999999964,2017-08-27
118,97849.99999999999,2017-08-28
118,99229.99999999999,2017-08-29
118,112000.0,2017-08-30
118,116129.99999999999,2017-08-31
118,96959.99999999999,2017-09-01
118,949.9999999999973,2017-09-02
118,99.99999999999964,2017-09-03
118,97849.99999999999,2017-09-04
118,99229.99999999999,2017-09-05
118,112000.0,2017-09-06
118,116129.99999999999,2017-09-07
118,96959.99999999999,2017-09-08
118,949.9999999999973,2017-09-09
118,99.99999999999964,2017-09-10
118,97849.99999999999,2017-09-11
118,99229.99999999999,2017-09-12
118,112000.0,2017-09-13
118,116129.99999999999,2017-09-14
118,96959.99999999999,2017-09-15
118,949.9999999999973,2017-09-16
118,99.99999999999964,2017-09-17
120,72060.0,2017-08-16
120,95735.0,2017-08-17
120,165550.0,2017-08-18
120,2114.9999999999995,2017-08-19
120,0.0,2017-08-20
120,7929.999999999972,2017-08-21
120,28085.0,2017-08-22
120,72060.0,2017-08-23
120,95735.0,2017-08-24
120,165550.0,2017-08-25
120,2114.9999999999995,2017-08-26
120,0.0,2017-08-27
120,7929.999999999972,2017-08-28
120,28085.0,2017-08-29
120,72060.0,2017-08-30
120,95735.0,2017-08-31
120,165550.0,2017-09-01
120,2114.9999999999995,2017-09-02
120,0.0,2017-09-03
120,7929.999999999972,2017-09-04
120,28085.0,2017-09-05
120,72060.0,2017-09-06
120,95735.0,2017-09-07
120,165550.0,2017-09-08
120,2114.9999999999995,2017-09-09
120,0.0,2017-09-10
120,7929.999999999972,2017-09-11
120,28085.0,2017-09-12
120,72060.0,2017-09-13
120,95735.0,2017-09-14
120,165550.0,2017-09-15
120,2114.9999999999995,2017-09-16
120,0.0,2017-09-17
122,325205.0,2017-08-16
122,401395.0,2017-08-17
122,307805.0,2017-08-18
122,279005.0,2017-08-19
122,219515.0,2017-08-20
122,240804.99999999997,2017-08-21
122,355000.0,2017-08-22
122,325205.0,2017-08-23
122,401395.0,2017-08-24
122,307805.0,2017-08-25
122,279005.0,2017-08-26
122,219515.0,2017-08-27
122,240804.99999999997,2017-08-28
122,355000.0,2017-08-29
122,325205.0,2017-08-30
122,401395.0,2017-08-31
122,307805.0,2017-09-01
122,279005.0,2017-09-02
122,219515.0,2017-09-03
122,240804.99999999997,2017-09-04
122,355000.0,2017-09-05
122,325205.0,2017-09-06
122,401395.0,2017-09-07
122,307805.0,2017-09-08
122,279005.0,2017-09-09
122,219515.0,2017-09-10
122,240804.99999999997,2017-09-11
122,355000.0,2017-09-12
122,325205.0,2017-09-13
122,401395.0,2017-09-14
122,307805.0,2017-09-15
122,279005.0,2017-09-16
122,219515.0,2017-09-17
124,330875.0,2017-08-16
124,404404.99999999994,2017-08-17
124,364709.99999999994,2017-08-18
124,239264.99999999997,2017-08-19
124,303700.0,2017-08-20
124,310625.0,2017-08-21
124,437040.0,2017-08-22
124,330875.0,2017-08-23
124,404404.99999999994,2017-08-24
124,364709.99999999994,2017-08-25
124,239264.99999999997,2017-08-26
124,303700.0,2017-08-27
124,310625.0,2017-08-28
124,437040.0,2017-08-29
124,330875.0,2017-08-30
124,404404.99999999994,2017-08-31
124,364709.99999999994,2017-09-01
124,239264.99999999997,2017-09-02
124,303700.0,2017-09-03
124,310625.0,2017-09-04
124,437040.0,2017-09-05
124,330875.0,2017-09-06
124,404404.99999999994,2017-09-07
124,364709.99999999994,2017-09-08
124,239264.99999999997,2017-09-09
124,303700.0,2017-09-10
124,310625.0,2017-09-11
124,437040.0,2017-09-12
124,330875.0,2017-09-13
124,404404.99999999994,2017-09-14
124,364709.99999999994,2017-09-15
124,239264.99999999997,2017-09-16
124,303700.0,2017-09-17
145,432450.0,2017-08-16
145,346434.99999999994,2017-08-17
145,376434.99999999994,2017-08-18
145,6804.999999999998,2017-08-19
145,184.99999999999972,2017-08-20
145,326880.0,2017-08-21
145,310305.0,2017-08-22
145,432450.0,2017-08-23
145,346434.99999999994,2017-08-24
145,376434.99999999994,2017-08-25
145,6804.999999999998,2017-08-26
145,184.99999999999972,2017-08-27
145,326880.0,2017-08-28
145,310305.0,2017-08-29
145,432450.0,2017-08-30
145,346434.99999999994,2017-08-31
145,376434.99999999994,2017-09-01
145,6804.999999999998,2017-09-02
145,184.99999999999972,2017-09-03
145,326880.0,2017-09-04
145,310305.0,2017-09-05
145,432450.0,2017-09-06
145,346434.99999999994,2017-09-07
145,376434.99999999994,2017-09-08
145,6804.999999999998,2017-09-09
145,184.99999999999972,2017-09-10
145,326880.0,2017-09-11
145,310305.0,2017-09-12
145,432450.0,2017-09-13
145,346434.99999999994,2017-09-14
145,376434.99999999994,2017-09-15
145,6804.999999999998,2017-09-16
145,184.99999999999972,2017-09-17
153,237714.99999999997,2017-08-16
153,308425.0,2017-08-17
153,240329.99999999997,2017-08-18
153,166695.0,2017-08-19
153,0.0,2017-08-20
153,356420.0,2017-08-21
153,489219.99999999994,2017-08-22
153,237714.99999999997,2017-08-23
153,308425.0,2017-08-24
153,240329.99999999997,2017-08-25
153,166695.0,2017-08-26
153,0.0,2017-08-27
153,356420.0,2017-08-28
153,489219.99999999994,2017-08-29
153,237714.99999999997,2017-08-30
153,308425.0,2017-08-31
153,240329.99999999997,2017-09-01
153,166695.0,2017-09-02
153,0.0,2017-09-03
153,356420.0,2017-09-04
153,489219.99999999994,2017-09-05
153,237714.99999999997,2017-09-06
153,308425.0,2017-09-07
153,240329.99999999997,2017-09-08
153,166695.0,2017-09-09
153,0.0,2017-09-10
153,356420.0,2017-09-11
153,489219.99999999994,2017-09-12
153,237714.99999999997,2017-09-13
153,308425.0,2017-09-14
153,240329.99999999997,2017-09-15
153,166695.0,2017-09-16
153,0.0,2017-09-17
158,129880.0,2017-08-16
158,111414.99999999997,2017-08-17
158,136909.99999999997,2017-08-18
158,39.99999999999986,2017-08-19
158,0.0,2017-08-20
158,163945.0,2017-08-21
158,70845.0,2017-08-22
158,129880.0,2017-08-23
158,111414.99999999997,2017-08-24
158,136909.99999999997,2017-08-25
158,39.99999999999986,2017-08-26
158,0.0,2017-08-27
158,163945.0,2017-08-28
158,70845.0,2017-08-29
158,129880.0,2017-08-30
158,111414.99999999997,2017-08-31
158,136909.99999999997,2017-09-01
158,39.99999999999986,2017-09-02
158,0.0,2017-09-03
158,163945.0,2017-09-04
158,70845.0,2017-09-05
158,129880.0,2017-09-06
158,111414.99999999997,2017-09-07
158,136909.99999999997,2017-09-08
158,39.99999999999986,2017-09-09
158,0.0,2017-09-10
158,163945.0,2017-09-11
158,70845.0,2017-09-12
158,129880.0,2017-09-13
158,111414.99999999997,2017-09-14
158,136909.99999999997,2017-09-15
158,39.99999999999986,2017-09-16
158,0.0,2017-09-17
165,1787900.0,2017-08-16
165,1332875.0,2017-08-17
165,1455700.0,2017-08-18
165,784150.0,2017-08-19
165,880205.0,2017-08-20
165,1535405.0,2017-08-21
165,1411075.0,2017-08-22
165,1787900.0,2017-08-23
165,1332875.0,2017-08-24
165,1455700.0,2017-08-25
165,784150.0,2017-08-26
165,880205.0,2017-08-27
165,1535405.0,2017-08-28
165,1411075.0,2017-08-29
165,1787900.0,2017-08-30
165,1332875.0,2017-08-31
165,1455700.0,2017-09-01
165,784150.0,2017-09-02
165,880205.0,2017-09-03
165,1535405.0,2017-09-04
165,1411075.0,2017-09-05
165,1787900.0,2017-09-06
165,1332875.0,2017-09-07
165,1455700.0,2017-09-08
165,784150.0,2017-09-09
165,880205.0,2017-09-10
165,1535405.0,2017-09-11
165,1411075.0,2017-09-12
165,1787900.0,2017-09-13
165,1332875.0,2017-09-14
165,1455700.0,2017-09-15
165,784150.0,2017-09-16
165,880205.0,2017-09-17
170,33750.0,2017-08-16
170,77400.0,2017-08-17
170,35144.99999999999,2017-08-18
170,239.99999999999986,2017-08-19
170,1305.0,2017-08-20
170,34150.0,2017-08-21
170,21794.999999999996,2017-08-22
170,33750.0,2017-08-23
170,77400.0,2017-08-24
170,35144.99999999999,2017-08-25
170,239.99999999999986,2017-08-26
170,1305.0,2017-08-27
170,34150.0,2017-08-28
170,21794.999999999996,2017-08-29
170,33750.0,2017-08-30
170,77400.0,2017-08-31
170,35144.99999999999,2017-09-01
170,239.99999999999986,2017-09-02
170,1305.0,2017-09-03
170,34150.0,2017-09-04
170,21794.999999999996,2017-09-05
170,33750.0,2017-09-06
170,77400.0,2017-09-07
170,35144.99999999999,2017-09-08
170,239.99999999999986,2017-09-09
170,1305.0,2017-09-10
170,34150.0,2017-09-11
170,21794.999999999996,2017-09-12
170,33750.0,2017-09-13
170,77400.0,2017-09-14
170,35144.99999999999,2017-09-15
170,239.99999999999986,2017-09-16
170,1305.0,2017-09-17
171,501010.0,2017-08-16
171,530690.0,2017-08-17
171,619140.0,2017-08-18
171,374735.0,2017-08-19
171,236829.99999999994,2017-08-20
171,511315.0,2017-08-21
171,536745.0,2017-08-22
171,501010.0,2017-08-23
171,530690.0,2017-08-24
171,619140.0,2017-08-25
171,374735.0,2017-08-26
171,236829.99999999994,2017-08-27
171,511315.0,2017-08-28
171,536745.0,2017-08-29
171,501010.0,2017-08-30
171,530690.0,2017-08-31
171,619140.0,2017-09-01
171,374735.0,2017-09-02
171,236829.99999999994,2017-09-03
171,511315.0,2017-09-04
171,536745.0,2017-09-05
171,501010.0,2017-09-06
171,530690.0,2017-09-07
171,619140.0,2017-09-08
171,374735.0,2017-09-09
171,236829.99999999994,2017-09-10
171,511315.0,2017-09-11
171,536745.0,2017-09-12
171,501010.0,2017-09-13
171,530690.0,2017-09-14
171,619140.0,2017-09-15
171,374735.0,2017-09-16
171,236829.99999999994,2017-09-17
174,910245.0,2017-08-16
174,982425.0,2017-08-17
174,964304.9999999999,2017-08-18
174,622945.0,2017-08-19
174,490324.99999999994,2017-08-20
174,889159.9999999999,2017-08-21
174,977059.9999999999,2017-08-22
174,910245.0,2017-08-23
174,982425.0,2017-08-24
174,964304.9999999999,2017-08-25
174,622945.0,2017-08-26
174,490324.99999999994,2017-08-27
174,889159.9999999999,2017-08-28
174,977059.9999999999,2017-08-29
174,910245.0,2017-08-30
174,982425.0,2017-08-31
174,964304.9999999999,2017-09-01
174,622945.0,2017-09-02
174,490324.99999999994,2017-09-03
174,889159.9999999999,2017-09-04
174,977059.9999999999,2017-09-05
174,910245.0,2017-09-06
174,982425.0,2017-09-07
174,964304.9999999999,2017-09-08
174,622945.0,2017-09-09
174,490324.99999999994,2017-09-10
174,889159.9999999999,2017-09-11
174,977059.9999999999,2017-09-12
174,910245.0,2017-09-13
174,982425.0,2017-09-14
174,964304.9999999999,2017-09-15
174,622945.0,2017-09-16
174,490324.99999999994,2017-09-17
183,197165.0,2017-08-16
183,260725.0,2017-08-17
183,330025.0,2017-08-18
183,285550.0,2017-08-19
183,174165.0,2017-08-20
183,238639.99999999997,2017-08-21
183,352725.0,2017-08-22
183,197165.0,2017-08-23
183,260725.0,2017-08-24
183,330025.0,2017-08-25
183,285550.0,2017-08-26
183,174165.0,2017-08-27
183,238639.99999999997,2017-08-28
183,352725.0,2017-08-29
183,197165.0,2017-08-30
183,260725.0,2017-08-31
183,330025.0,2017-09-01
183,285550.0,2017-09-02
183,174165.0,2017-09-03
183,238639.99999999997,2017-09-04
183,352725.0,2017-09-05
183,197165.0,2017-09-06
183,260725.0,2017-09-07
183,330025.0,2017-09-08
183,285550.0,2017-09-09
183,174165.0,2017-09-10
183,238639.99999999997,2017-09-11
183,352725.0,2017-09-12
183,197165.0,2017-09-13
183,260725.0,2017-09-14
183,330025.0,2017-09-15
183,285550.0,2017-09-16
183,174165.0,2017-09-17
184,221594.99999999997,2017-08-16
184,270800.0,2017-08-17
184,258010.0,2017-08-18
184,114430.0,2017-08-19
184,90710.0,2017-08-20
184,170485.0,2017-08-21
184,146540.0,2017-08-22
184,221594.99999999997,2017-08-23
184,270800.0,2017-08-24
184,258010.0,2017-08-25
184,114430.0,2017-08-26
184,90710.0,2017-08-27
184,170485.0,2017-08-28
184,146540.0,2017-08-29
184,221594.99999999997,2017-08-30
184,270800.0,2017-08-31
184,258010.0,2017-09-01
184,114430.0,2017-09-02
184,90710.0,2017-09-03
184,170485.0,2017-09-04
184,146540.0,2017-09-05
184,221594.99999999997,2017-09-06
184,270800.0,2017-09-07
184,258010.0,2017-09-08
184,114430.0,2017-09-09
184,90710.0,2017-09-10
184,170485.0,2017-09-11
184,146540.0,2017-09-12
184,221594.99999999997,2017-09-13
184,270800.0,2017-09-14
184,258010.0,2017-09-15
184,114430.0,2017-09-16
184,90710.0,2017-09-17
187,303525.0,2017-08-16
187,349110.0,2017-08-17
187,491129.99999999994,2017-08-18
187,321995.0,2017-08-19
187,254385.0,2017-08-20
187,394814.99999999994,2017-08-21
187,256525.0,2017-08-22
187,303525.0,2017-08-23
187,349110.0,2017-08-24
187,491129.99999999994,2017-08-25
187,321995.0,2017-08-26
187,254385.0,2017-08-27
187,394814.99999999994,2017-08-28
187,256525.0,2017-08-29
187,303525.0,2017-08-30
187,349110.0,2017-08-31
187,491129.99999999994,2017-09-01
187,321995.0,2017-09-02
187,254385.0,2017-09-03
187,394814.99999999994,2017-09-04
187,256525.0,2017-09-05
187,303525.0,2017-09-06
187,349110.0,2017-09-07
187,491129.99999999994,2017-09-08
187,321995.0,2017-09-09
187,254385.0,2017-09-10
187,394814.99999999994,2017-09-11
187,256525.0,2017-09-12
187,303525.0,2017-09-13
187,349110.0,2017-09-14
187,491129.99999999994,2017-09-15
187,321995.0,2017-09-16
187,254385.0,2017-09-17
190,221659.99999999997,2017-08-16
190,413424.99999999994,2017-08-17
190,331700.0,2017-08-18
190,589.999999999998,2017-08-19
190,0.0,2017-08-20
190,303655.0,2017-08-21
190,353285.0,2017-08-22
190,221659.99999999997,2017-08-23
190,413424.99999999994,2017-08-24
190,331700.0,2017-08-25
190,589.999999999998,2017-08-26
190,0.0,2017-08-27
190,303655.0,2017-08-28
190,353285.0,2017-08-29
190,221659.99999999997,2017-08-30
190,413424.99999999994,2017-08-31
190,331700.0,2017-09-01
190,589.999999999998,2017-09-02
190,0.0,2017-09-03
190,303655.0,2017-09-04
190,353285.0,2017-09-05
190,221659.99999999997,2017-09-06
190,413424.99999999994,2017-09-07
190,331700.0,2017-09-08
190,589.999999999998,2017-09-09
190,0.0,2017-09-10
190,303655.0,2017-09-11
190,353285.0,2017-09-12
190,221659.99999999997,2017-09-13
190,413424.99999999994,2017-09-14
190,331700.0,2017-09-15
190,589.999999999998,2017-09-16
190,0.0,2017-09-17
198,87909.99999999999,2017-08-16
198,100674.99999999999,2017-08-17
198,77179.99999999999,2017-08-18
198,739.9999999999999,2017-08-19
198,764.9999999999973,2017-08-20
198,139980.0,2017-08-21
198,63914.99999999997,2017-08-22
198,87909.99999999999,2017-08-23
198,100674.99999999999,2017-08-24
198,77179.99999999999,2017-08-25
198,739.9999999999999,2017-08-26
198,764.9999999999973,2017-08-27
198,139980.0,2017-08-28
198,63914.99999999997,2017-08-29
198,87909.99999999999,2017-08-30
198,100674.99999999999,2017-08-31
198,77179.99999999999,2017-09-01
198,739.9999999999999,2017-09-02
198,764.9999999999973,2017-09-03
198,139980.0,2017-09-04
198,63914.99999999997,2017-09-05
198,87909.99999999999,2017-09-06
198,100674.99999999999,2017-09-07
198,77179.99999999999,2017-09-08
198,739.9999999999999,2017-09-09
198,764.9999999999973,2017-09-10
198,139980.0,2017-09-11
198,63914.99999999997,2017-09-12
198,87909.99999999999,2017-09-13
198,100674.99999999999,2017-09-14
198,77179.99999999999,2017-09-15
198,739.9999999999999,2017-09-16
198,764.9999999999973,2017-09-17
201,837100.0,2017-08-16
201,893500.0,2017-08-17
201,808150.0,2017-08-18
201,487704.99999999994,2017-08-19
201,432720.0,2017-08-20
201,817335.0,2017-08-21
201,660575.0,2017-08-22
201,837100.0,2017-08-23
201,893500.0,2017-08-24
201,808150.0,2017-08-25
201,487704.99999999994,2017-08-26
201,432720.0,2017-08-27
201,817335.0,2017-08-28
201,660575.0,2017-08-29
201,837100.0,2017-08-30
201,893500.0,2017-08-31
201,808150.0,2017-09-01
201,487704.99999999994,2017-09-02
201,432720.0,2017-09-03
201,817335.0,2017-09-04
201,660575.0,2017-09-05
201,837100.0,2017-09-06
201,893500.0,2017-09-07
201,808150.0,2017-09-08
201,487704.99999999994,2017-09-09
201,432720.0,2017-09-10
201,817335.0,2017-09-11
201,660575.0,2017-09-12
201,837100.0,2017-09-13
201,893500.0,2017-09-14
201,808150.0,2017-09-15
201,487704.99999999994,2017-09-16
201,432720.0,2017-09-17
202,809880.0,2017-08-16
202,844999.9999999999,2017-08-17
202,765835.0,2017-08-18
202,362940.0,2017-08-19
202,0.0,2017-08-20
202,700290.0,2017-08-21
202,703480.0,2017-08-22
202,809880.0,2017-08-23
202,844999.9999999999,2017-08-24
202,765835.0,2017-08-25
202,362940.0,2017-08-26
202,0.0,2017-08-27
202,700290.0,2017-08-28
202,703480.0,2017-08-29
202,809880.0,2017-08-30
202,844999.9999999999,2017-08-31
202,765835.0,2017-09-01
202,362940.0,2017-09-02
202,0.0,2017-09-03
202,700290.0,2017-09-04
202,703480.0,2017-09-05
202,809880.0,2017-09-06
202,844999.9999999999,2017-09-07
202,765835.0,2017-09-08
202,362940.0,2017-09-09
202,0.0,2017-09-10
202,700290.0,2017-09-11
202,703480.0,2017-09-12
202,809880.0,2017-09-13
202,844999.9999999999,2017-09-14
202,765835.0,2017-09-15
202,362940.0,2017-09-16
202,0.0,2017-09-17
204,1175205.0,2017-08-16
204,1141140.0,2017-08-17
204,951949.9999999999,2017-08-18
204,546225.0,2017-08-19
204,416060.0,2017-08-20
204,850895.0,2017-08-21
204,1040920.0,2017-08-22
204,1175205.0,2017-08-23
204,1141140.0,2017-08-24
204,951949.9999999999,2017-08-25
204,546225.0,2017-08-26
204,416060.0,2017-08-27
204,850895.0,2017-08-28
204,1040920.0,2017-08-29
204,1175205.0,2017-08-30
204,1141140.0,2017-08-31
204,951949.9999999999,2017-09-01
204,546225.0,2017-09-02
204,416060.0,2017-09-03
204,850895.0,2017-09-04
204,1040920.0,2017-09-05
204,1175205.0,2017-09-06
204,1141140.0,2017-09-07
204,951949.9999999999,2017-09-08
204,546225.0,2017-09-09
204,416060.0,2017-09-10
204,850895.0,2017-09-11
204,1040920.0,2017-09-12
204,1175205.0,2017-09-13
204,1141140.0,2017-09-14
204,951949.9999999999,2017-09-15
204,546225.0,2017-09-16
204,416060.0,2017-09-17
210,96620.0,2017-08-16
210,124220.0,2017-08-17
210,43049.999999999985,2017-08-18
210,1354.9999999999995,2017-08-19
210,4584.999999999999,2017-08-20
210,48030.0,2017-08-21
210,87774.99999999999,2017-08-22
210,96620.0,2017-08-23
210,124220.0,2017-08-24
210,43049.999999999985,2017-08-25
210,1354.9999999999995,2017-08-26
210,4584.999999999999,2017-08-27
210,48030.0,2017-08-28
210,87774.99999999999,2017-08-29
210,96620.0,2017-08-30
210,124220.0,2017-08-31
210,43049.999999999985,2017-09-01
210,1354.9999999999995,2017-09-02
210,4584.999999999999,2017-09-03
210,48030.0,2017-09-04
210,87774.99999999999,2017-09-05
210,96620.0,2017-09-06
210,124220.0,2017-09-07
210,43049.999999999985,2017-09-08
210,1354.9999999999995,2017-09-09
210,4584.999999999999,2017-09-10
210,48030.0,2017-09-11
210,87774.99999999999,2017-09-12
210,96620.0,2017-09-13
210,124220.0,2017-09-14
210,43049.999999999985,2017-09-15
210,1354.9999999999995,2017-09-16
210,4584.999999999999,2017-09-17
214,108124.99999999997,2017-08-16
214,253170.0,2017-08-17
214,279310.0,2017-08-18
214,399.99999999999966,2017-08-19
214,29.999999999999893,2017-08-20
214,121399.99999999997,2017-08-21
214,124604.99999999996,2017-08-22
214,108124.99999999997,2017-08-23
214,253170.0,2017-08-24
214,279310.0,2017-08-25
214,399.99999999999966,2017-08-26
214,29.999999999999893,2017-08-27
214,121399.99999999997,2017-08-28
214,124604.99999999996,2017-08-29
214,108124.99999999997,2017-08-30
214,253170.0,2017-08-31
214,279310.0,2017-09-01
214,399.99999999999966,2017-09-02
214,29.999999999999893,2017-09-03
214,121399.99999999997,2017-09-04
214,124604.99999999996,2017-09-05
214,108124.99999999997,2017-09-06
214,253170.0,2017-09-07
214,279310.0,2017-09-08
214,399.99999999999966,2017-09-09
214,29.999999999999893,2017-09-10
214,121399.99999999997,2017-09-11
214,124604.99999999996,2017-09-12
214,108124.99999999997,2017-09-13
214,253170.0,2017-09-14
214,279310.0,2017-09-15
214,399.99999999999966,2017-09-16
214,29.999999999999893,2017-09-17
232,1122535.0,2017-08-16
232,1399080.0,2017-08-17
232,832164.9999999999,2017-08-18
232,403149.99999999994,2017-08-19
232,398554.99999999994,2017-08-20
232,832505.0,2017-08-21
232,1245050.0,2017-08-22
232,1122535.0,2017-08-23
232,1399080.0,2017-08-24
232,832164.9999999999,2017-08-25
232,403149.99999999994,2017-08-26
232,398554.99999999994,2017-08-27
232,832505.0,2017-08-28
232,1245050.0,2017-08-29
232,1122535.0,2017-08-30
232,1399080.0,2017-08-31
232,832164.9999999999,2017-09-01
232,403149.99999999994,2017-09-02
232,398554.99999999994,2017-09-03
232,832505.0,2017-09-04
232,1245050.0,2017-09-05
232,1122535.0,2017-09-06
232,1399080.0,2017-09-07
232,832164.9999999999,2017-09-08
232,403149.99999999994,2017-09-09
232,398554.99999999994,2017-09-10
232,832505.0,2017-09-11
232,1245050.0,2017-09-12
232,1122535.0,2017-09-13
232,1399080.0,2017-09-14
232,832164.9999999999,2017-09-15
232,403149.99999999994,2017-09-16
232,398554.99999999994,2017-09-17
234,154389.99999999997,2017-08-16
234,158159.99999999997,2017-08-17
234,361295.0,2017-08-18
234,179970.0,2017-08-19
234,150335.0,2017-08-20
234,260430.0,2017-08-21
234,283615.0,2017-08-22
234,154389.99999999997,2017-08-23
234,158159.99999999997,2017-08-24
234,361295.0,2017-08-25
234,179970.0,2017-08-26
234,150335.0,2017-08-27
234,260430.0,2017-08-28
234,283615.0,2017-08-29
234,154389.99999999997,2017-08-30
234,158159.99999999997,2017-08-31
234,361295.0,2017-09-01
234,179970.0,2017-09-02
234,150335.0,2017-09-03
234,260430.0,2017-09-04
234,283615.0,2017-09-05
234,154389.99999999997,2017-09-06
234,158159.99999999997,2017-09-07
234,361295.0,2017-09-08
234,179970.0,2017-09-09
234,150335.0,2017-09-10
234,260430.0,2017-09-11
234,283615.0,2017-09-12
234,154389.99999999997,2017-09-13
234,158159.99999999997,2017-09-14
234,361295.0,2017-09-15
234,179970.0,2017-09-16
234,150335.0,2017-09-17
237,474254.99999999994,2017-08-16
237,433979.99999999994,2017-08-17
237,591695.0,2017-08-18
237,190689.99999999994,2017-08-19
237,311730.0,2017-08-20
237,415614.99999999994,2017-08-21
237,421350.0,2017-08-22
237,474254.99999999994,2017-08-23
237,433979.99999999994,2017-08-24
237,591695.0,2017-08-25
237,190689.99999999994,2017-08-26
237,311730.0,2017-08-27
237,415614.99999999994,2017-08-28
237,421350.0,2017-08-29
237,474254.99999999994,2017-08-30
237,433979.99999999994,2017-08-31
237,591695.0,2017-09-01
237,190689.99999999994,2017-09-02
237,311730.0,2017-09-03
237,415614.99999999994,2017-09-04
237,421350.0,2017-09-05
237,474254.99999999994,2017-09-06
237,433979.99999999994,2017-09-07
237,591695.0,2017-09-08
237,190689.99999999994,2017-09-09
237,311730.0,2017-09-10
237,415614.99999999994,2017-09-11
237,421350.0,2017-09-12
237,474254.99999999994,2017-09-13
237,433979.99999999994,2017-09-14
237,591695.0,2017-09-15
237,190689.99999999994,2017-09-16
237,311730.0,2017-09-17
250,62934.999999999985,2017-08-16
250,69999.99999999999,2017-08-17
250,167720.0,2017-08-18
250,364.99999999999943,2017-08-19
250,104.99999999999997,2017-08-20
250,121074.99999999999,2017-08-21
250,201875.0,2017-08-22
250,62934.999999999985,2017-08-23
250,69999.99999999999,2017-08-24
250,167720.0,2017-08-25
250,364.99999999999943,2017-08-26
250,104.99999999999997,2017-08-27
250,121074.99999999999,2017-08-28
250,201875.0,2017-08-29
250,62934.999999999985,2017-08-30
250,69999.99999999999,2017-08-31
250,167720.0,2017-09-01
250,364.99999999999943,2017-09-02
250,104.99999999999997,2017-09-03
250,121074.99999999999,2017-09-04
250,201875.0,2017-09-05
250,62934.999999999985,2017-09-06
250,69999.99999999999,2017-09-07
250,167720.0,2017-09-08
250,364.99999999999943,2017-09-09
250,104.99999999999997,2017-09-10
250,121074.99999999999,2017-09-11
250,201875.0,2017-09-12
250,62934.999999999985,2017-09-13
250,69999.99999999999,2017-09-14
250,167720.0,2017-09-15
250,364.99999999999943,2017-09-16
250,104.99999999999997,2017-09-17
251,530884.9999999999,2017-08-16
251,512714.9999999999,2017-08-17
251,1006205.0,2017-08-18
251,438054.99999999994,2017-08-19
251,13294.999999999953,2017-08-20
251,966204.9999999999,2017-08-21
251,991430.0,2017-08-22
251,530884.9999999999,2017-08-23
251,512714.9999999999,2017-08-24
251,1006205.0,2017-08-25
251,438054.99999999994,2017-08-26
251,13294.999999999953,2017-08-27
251,966204.9999999999,2017-08-28
251,991430.0,2017-08-29
251,530884.9999999999,2017-08-30
251,512714.9999999999,2017-08-31
251,1006205.0,2017-09-01
251,438054.99999999994,2017-09-02
251,13294.999999999953,2017-09-03
251,966204.9999999999,2017-09-04
251,991430.0,2017-09-05
251,530884.9999999999,2017-09-06
251,512714.9999999999,2017-09-07
251,1006205.0,2017-09-08
251,438054.99999999994,2017-09-09
251,13294.999999999953,2017-09-10
251,966204.9999999999,2017-09-11
251,991430.0,2017-09-12
251,530884.9999999999,2017-09-13
251,512714.9999999999,2017-09-14
251,1006205.0,2017-09-15
251,438054.99999999994,2017-09-16
251,13294.999999999953,2017-09-17
254,425695.0,2017-08-16
254,314195.0,2017-08-17
254,399525.0,2017-08-18
254,105609.99999999999,2017-08-19
254,147500.0,2017-08-20
254,314745.0,2017-08-21
254,321155.0,2017-08-22
254,425695.0,2017-08-23
254,314195.0,2017-08-24
254,399525.0,2017-08-25
254,105609.99999999999,2017-08-26
254,147500.0,2017-08-27
254,314745.0,2017-08-28
254,321155.0,2017-08-29
254,425695.0,2017-08-30
254,314195.0,2017-08-31
254,399525.0,2017-09-01
254,105609.99999999999,2017-09-02
254,147500.0,2017-09-03
254,314745.0,2017-09-04
254,321155.0,2017-09-05
254,425695.0,2017-09-06
254,314195.0,2017-09-07
254,399525.0,2017-09-08
254,105609.99999999999,2017-09-09
254,147500.0,2017-09-10
254,314745.0,2017-09-11
254,321155.0,2017-09-12
254,425695.0,2017-09-13
254,314195.0,2017-09-14
254,399525.0,2017-09-15
254,105609.99999999999,2017-09-16
254,147500.0,2017-09-17
259,430730.0,2017-08-16
259,546695.0,2017-08-17
259,454974.99999999994,2017-08-18
259,277725.0,2017-08-19
259,222629.99999999997,2017-08-20
259,519790.0,2017-08-21
259,457654.99999999994,2017-08-22
259,430730.0,2017-08-23
259,546695.0,2017-08-24
259,454974.99999999994,2017-08-25
259,277725.0,2017-08-26
259,222629.99999999997,2017-08-27
259,519790.0,2017-08-28
259,457654.99999999994,2017-08-29
259,430730.0,2017-08-30
259,546695.0,2017-08-31
259,454974.99999999994,2017-09-01
259,277725.0,2017-09-02
259,222629.99999999997,2017-09-03
259,519790.0,2017-09-04
259,457654.99999999994,2017-09-05
259,430730.0,2017-09-06
259,546695.0,2017-09-07
259,454974.99999999994,2017-09-08
259,277725.0,2017-09-09
259,222629.99999999997,2017-09-10
259,519790.0,2017-09-11
259,457654.99999999994,2017-09-12
259,430730.0,2017-09-13
259,546695.0,2017-09-14
259,454974.99999999994,2017-09-15
259,277725.0,2017-09-16
259,222629.99999999997,2017-09-17
261,947049.9999999999,2017-08-16
261,1067740.0,2017-08-17
261,1079175.0,2017-08-18
261,646805.0,2017-08-19
261,550145.0,2017-08-20
261,1166730.0,2017-08-21
261,1334879.9999999998,2017-08-22
261,947049.9999999999,2017-08-23
261,1067740.0,2017-08-24
261,1079175.0,2017-08-25
261,646805.0,2017-08-26
261,550145.0,2017-08-27
261,1166730.0,2017-08-28
261,1334879.9999999998,2017-08-29
261,947049.9999999999,2017-08-30
261,1067740.0,2017-08-31
261,1079175.0,2017-09-01
261,646805.0,2017-09-02
261,550145.0,2017-09-03
261,1166730.0,2017-09-04
261,1334879.9999999998,2017-09-05
261,947049.9999999999,2017-09-06
261,1067740.0,2017-09-07
261,1079175.0,2017-09-08
261,646805.0,2017-09-09
261,550145.0,2017-09-10
261,1166730.0,2017-09-11
261,1334879.9999999998,2017-09-12
261,947049.9999999999,2017-09-13
261,1067740.0,2017-09-14
261,1079175.0,2017-09-15
261,646805.0,2017-09-16
261,550145.0,2017-09-17
263,54244.99999999999,2017-08-16
263,61989.999999999985,2017-08-17
263,90790.0,2017-08-18
263,2539.999999999998,2017-08-19
263,5014.999999999999,2017-08-20
263,82965.0,2017-08-21
263,78205.0,2017-08-22
263,54244.99999999999,2017-08-23
263,61989.999999999985,2017-08-24
263,90790.0,2017-08-25
263,2539.999999999998,2017-08-26
263,5014.999999999999,2017-08-27
263,82965.0,2017-08-28
263,78205.0,2017-08-29
263,54244.99999999999,2017-08-30
263,61989.999999999985,2017-08-31
263,90790.0,2017-09-01
263,2539.999999999998,2017-09-02
263,5014.999999999999,2017-09-03
263,82965.0,2017-09-04
263,78205.0,2017-09-05
263,54244.99999999999,2017-09-06
263,61989.999999999985,2017-09-07
263,90790.0,2017-09-08
263,2539.999999999998,2017-09-09
263,5014.999999999999,2017-09-10
263,82965.0,2017-09-11
263,78205.0,2017-09-12
263,54244.99999999999,2017-09-13
263,61989.999999999985,2017-09-14
263,90790.0,2017-09-15
263,2539.999999999998,2017-09-16
263,5014.999999999999,2017-09-17
266,22845.0,2017-08-16
266,25919.999999999993,2017-08-17
266,31039.99999999999,2017-08-18
266,64.99999999999977,2017-08-19
266,79.99999999999972,2017-08-20
266,20135.0,2017-08-21
266,36290.0,2017-08-22
266,22845.0,2017-08-23
266,25919.999999999993,2017-08-24
266,31039.99999999999,2017-08-25
266,64.99999999999977,2017-08-26
266,79.99999999999972,2017-08-27
266,20135.0,2017-08-28
266,36290.0,2017-08-29
266,22845.0,2017-08-30
266,25919.999999999993,2017-08-31
266,31039.99999999999,2017-09-01
266,64.99999999999977,2017-09-02
266,79.99999999999972,2017-09-03
266,20135.0,2017-09-04
266,36290.0,2017-09-05
266,22845.0,2017-09-06
266,25919.999999999993,2017-09-07
266,31039.99999999999,2017-09-08
266,64.99999999999977,2017-09-09
266,79.99999999999972,2017-09-10
266,20135.0,2017-09-11
266,36290.0,2017-09-12
266,22845.0,2017-09-13
266,25919.999999999993,2017-09-14
266,31039.99999999999,2017-09-15
266,64.99999999999977,2017-09-16
266,79.99999999999972,2017-09-17
292,640165.0,2017-08-16
292,803035.0,2017-08-17
292,957634.9999999999,2017-08-18
292,430244.99999999994,2017-08-19
292,359610.0,2017-08-20
292,672495.0,2017-08-21
292,946809.9999999999,2017-08-22
292,640165.0,2017-08-23
292,803035.0,2017-08-24
292,957634.9999999999,2017-08-25
292,430244.99999999994,2017-08-26
292,359610.0,2017-08-27
292,672495.0,2017-08-28
292,946809.9999999999,2017-08-29
292,640165.0,2017-08-30
292,803035.0,2017-08-31
292,957634.9999999999,2017-09-01
292,430244.99999999994,2017-09-02
292,359610.0,2017-09-03
292,672495.0,2017-09-04
292,946809.9999999999,2017-09-05
292,640165.0,2017-09-06
292,803035.0,2017-09-07
292,957634.9999999999,2017-09-08
292,430244.99999999994,2017-09-09
292,359610.0,2017-09-10
292,672495.0,2017-09-11
292,946809.9999999999,2017-09-12
292,640165.0,2017-09-13
292,803035.0,2017-09-14
292,957634.9999999999,2017-09-15
292,430244.99999999994,2017-09-16
292,359610.0,2017-09-17
294,713245.0,2017-08-16
294,934210.0,2017-08-17
294,1201000.0,2017-08-18
294,446615.0,2017-08-19
294,231984.99999999997,2017-08-20
294,721920.0,2017-08-21
294,698785.0,2017-08-22
294,713245.0,2017-08-23
294,934210.0,2017-08-24
294,1201000.0,2017-08-25
294,446615.0,2017-08-26
294,231984.99999999997,2017-08-27
294,721920.0,2017-08-28
294,698785.0,2017-08-29
294,713245.0,2017-08-30
294,934210.0,2017-08-31
294,1201000.0,2017-09-01
294,446615.0,2017-09-02
294,231984.99999999997,2017-09-03
294,721920.0,2017-09-04
294,698785.0,2017-09-05
294,713245.0,2017-09-06
294,934210.0,2017-09-07
294,1201000.0,2017-09-08
294,446615.0,2017-09-09
294,231984.99999999997,2017-09-10
294,721920.0,2017-09-11
294,698785.0,2017-09-12
294,713245.0,2017-09-13
294,934210.0,2017-09-14
294,1201000.0,2017-09-15
294,446615.0,2017-09-16
294,231984.99999999997,2017-09-17
296,120384.99999999988,2017-08-16
296,912425.0,2017-08-17
296,338369.9999999999,2017-08-18
296,595015.0,2017-08-19
296,313225.0,2017-08-20
296,511009.9999999998,2017-08-21
296,852730.0,2017-08-22
296,120384.99999999988,2017-08-23
296,912425.0,2017-08-24
296,338369.9999999999,2017-08-25
296,595015.0,2017-08-26
296,313225.0,2017-08-27
296,511009.9999999998,2017-08-28
296,852730.0,2017-08-29
296,120384.99999999988,2017-08-30
296,912425.0,2017-08-31
296,338369.9999999999,2017-09-01
296,595015.0,2017-09-02
296,313225.0,2017-09-03
296,511009.9999999998,2017-09-04
296,852730.0,2017-09-05
296,120384.99999999988,2017-09-06
296,912425.0,2017-09-07
296,338369.9999999999,2017-09-08
296,595015.0,2017-09-09
296,313225.0,2017-09-10
296,511009.9999999998,2017-09-11
296,852730.0,2017-09-12
296,120384.99999999988,2017-09-13
296,912425.0,2017-09-14
296,338369.9999999999,2017-09-15
296,595015.0,2017-09-16
296,313225.0,2017-09-17
322,859725.0,2017-08-16
322,827035.0,2017-08-17
322,743249.9999999999,2017-08-18
322,342940.0,2017-08-19
322,327655.0,2017-08-20
322,800119.9999999999,2017-08-21
322,656455.0,2017-08-22
322,859725.0,2017-08-23
322,827035.0,2017-08-24
322,743249.9999999999,2017-08-25
322,342940.0,2017-08-26
322,327655.0,2017-08-27
322,800119.9999999999,2017-08-28
322,656455.0,2017-08-29
322,859725.0,2017-08-30
322,827035.0,2017-08-31
322,743249.9999999999,2017-09-01
322,342940.0,2017-09-02
322,327655.0,2017-09-03
322,800119.9999999999,2017-09-04
322,656455.0,2017-09-05
322,859725.0,2017-09-06
322,827035.0,2017-09-07
322,743249.9999999999,2017-09-08
322,342940.0,2017-09-09
322,327655.0,2017-09-10
322,800119.9999999999,2017-09-11
322,656455.0,2017-09-12
322,859725.0,2017-09-13
322,827035.0,2017-09-14
322,743249.9999999999,2017-09-15
322,342940.0,2017-09-16
322,327655.0,2017-09-17
325,291985.0,2017-08-16
325,372215.0,2017-08-17
325,523010.0,2017-08-18
325,14.999999999999947,2017-08-19
325,14.999999999999947,2017-08-20
325,368105.0,2017-08-21
325,383495.0,2017-08-22
325,291985.0,2017-08-23
325,372215.0,2017-08-24
325,523010.0,2017-08-25
325,14.999999999999947,2017-08-26
325,14.999999999999947,2017-08-27
325,368105.0,2017-08-28
325,383495.0,2017-08-29
325,291985.0,2017-08-30
325,372215.0,2017-08-31
325,523010.0,2017-09-01
325,14.999999999999947,2017-09-02
325,14.999999999999947,2017-09-03
325,368105.0,2017-09-04
325,383495.0,2017-09-05
325,291985.0,2017-09-06
325,372215.0,2017-09-07
325,523010.0,2017-09-08
325,14.999999999999947,2017-09-09
325,14.999999999999947,2017-09-10
325,368105.0,2017-09-11
325,383495.0,2017-09-12
325,291985.0,2017-09-13
325,372215.0,2017-09-14
325,523010.0,2017-09-15
325,14.999999999999947,2017-09-16
325,14.999999999999947,2017-09-17
346,1225450.0,2017-08-16
346,1469185.0,2017-08-17
346,1415170.0,2017-08-18
346,382300.0,2017-08-19
346,322540.0,2017-08-20
346,1496360.0,2017-08-21
346,1262400.0,2017-08-22
346,1225450.0,2017-08-23
346,1469185.0,2017-08-24
346,1415170.0,2017-08-25
346,382300.0,2017-08-26
346,322540.0,2017-08-27
346,1496360.0,2017-08-28
346,1262400.0,2017-08-29
346,1225450.0,2017-08-30
346,1469185.0,2017-08-31
346,1415170.0,2017-09-01
346,382300.0,2017-09-02
346,322540.0,2017-09-03
346,1496360.0,2017-09-04
346,1262400.0,2017-09-05
346,1225450.0,2017-09-06
346,1469185.0,2017-09-07
346,1415170.0,2017-09-08
346,382300.0,2017-09-09
346,322540.0,2017-09-10
346,1496360.0,2017-09-11
346,1262400.0,2017-09-12
346,1225450.0,2017-09-13
346,1469185.0,2017-09-14
346,1415170.0,2017-09-15
346,382300.0,2017-09-16
346,322540.0,2017-09-17
358,72180.0,2017-08-16
358,24244.999999999996,2017-08-17
358,47804.99999999998,2017-08-18
358,1789.999999999996,2017-08-19
358,2099.9999999999995,2017-08-20
358,51184.99999999999,2017-08-21
358,49509.99999999999,2017-08-22
358,72180.0,2017-08-23
358,24244.999999999996,2017-08-24
358,47804.99999999998,2017-08-25
358,1789.999999999996,2017-08-26
358,2099.9999999999995,2017-08-27
358,51184.99999999999,2017-08-28
358,49509.99999999999,2017-08-29
358,72180.0,2017-08-30
358,24244.999999999996,2017-08-31
358,47804.99999999998,2017-09-01
358,1789.999999999996,2017-09-02
358,2099.9999999999995,2017-09-03
358,51184.99999999999,2017-09-04
358,49509.99999999999,2017-09-05
358,72180.0,2017-09-06
358,24244.999999999996,2017-09-07
358,47804.99999999998,2017-09-08
358,1789.999999999996,2017-09-09
358,2099.9999999999995,2017-09-10
358,51184.99999999999,2017-09-11
358,49509.99999999999,2017-09-12
358,72180.0,2017-09-13
358,24244.999999999996,2017-09-14
358,47804.99999999998,2017-09-15
358,1789.999999999996,2017-09-16
358,2099.9999999999995,2017-09-17
363,892399.9999999999,2017-08-16
363,1352905.0,2017-08-17
363,1612930.0,2017-08-18
363,622340.0,2017-08-19
363,736630.0,2017-08-20
363,1585560.0,2017-08-21
363,1193105.0,2017-08-22
363,892399.9999999999,2017-08-23
363,1352905.0,2017-08-24
363,1612930.0,2017-08-25
363,622340.0,2017-08-26
363,736630.0,2017-08-27
363,1585560.0,2017-08-28
363,1193105.0,2017-08-29
363,892399.9999999999,2017-08-30
363,1352905.0,2017-08-31
363,1612930.0,2017-09-01
363,622340.0,2017-09-02
363,736630.0,2017-09-03
363,1585560.0,2017-09-04
363,1193105.0,2017-09-05
363,892399.9999999999,2017-09-06
363,1352905.0,2017-09-07
363,1612930.0,2017-09-08
363,622340.0,2017-09-09
363,736630.0,2017-09-10
363,1585560.0,2017-09-11
363,1193105.0,2017-09-12
363,892399.9999999999,2017-09-13
363,1352905.0,2017-09-14
363,1612930.0,2017-09-15
363,622340.0,2017-09-16
363,736630.0,2017-09-17
364,935864.9999999999,2017-08-16
364,1228210.0,2017-08-17
364,494134.9999999999,2017-08-18
364,629129.9999999999,2017-08-19
364,443539.9999999999,2017-08-20
364,1085570.0,2017-08-21
364,1285190.0,2017-08-22
364,935864.9999999999,2017-08-23
364,1228210.0,2017-08-24
364,494134.9999999999,2017-08-25
364,629129.9999999999,2017-08-26
364,443539.9999999999,2017-08-27
364,1085570.0,2017-08-28
364,1285190.0,2017-08-29
364,935864.9999999999,2017-08-30
364,1228210.0,2017-08-31
364,494134.9999999999,2017-09-01
364,629129.9999999999,2017-09-02
364,443539.9999999999,2017-09-03
364,1085570.0,2017-09-04
364,1285190.0,2017-09-05
364,935864.9999999999,2017-09-06
364,1228210.0,2017-09-07
364,494134.9999999999,2017-09-08
364,629129.9999999999,2017-09-09
364,443539.9999999999,2017-09-10
364,1085570.0,2017-09-11
364,1285190.0,2017-09-12
364,935864.9999999999,2017-09-13
364,1228210.0,2017-09-14
364,494134.9999999999,2017-09-15
364,629129.9999999999,2017-09-16
364,443539.9999999999,2017-09-17
377,147460.0,2017-08-16
377,310075.0,2017-08-17
377,322429.99999999994,2017-08-18
377,409.99999999999994,2017-08-19
377,0.0,2017-08-20
377,187659.99999999994,2017-08-21
377,157964.99999999997,2017-08-22
377,147460.0,2017-08-23
377,310075.0,2017-08-24
377,322429.99999999994,2017-08-25
377,409.99999999999994,2017-08-26
377,0.0,2017-08-27
377,187659.99999999994,2017-08-28
377,157964.99999999997,2017-08-29
377,147460.0,2017-08-30
377,310075.0,2017-08-31
377,322429.99999999994,2017-09-01
377,409.99999999999994,2017-09-02
377,0.0,2017-09-03
377,187659.99999999994,2017-09-04
377,157964.99999999997,2017-09-05
377,147460.0,2017-09-06
377,310075.0,2017-09-07
377,322429.99999999994,2017-09-08
377,409.99999999999994,2017-09-09
377,0.0,2017-09-10
377,187659.99999999994,2017-09-11
377,157964.99999999997,2017-09-12
377,147460.0,2017-09-13
377,310075.0,2017-09-14
377,322429.99999999994,2017-09-15
377,409.99999999999994,2017-09-16
377,0.0,2017-09-17
392,465859.99999999994,2017-08-16
392,497409.99999999994,2017-08-17
392,706705.0,2017-08-18
392,339975.0,2017-08-19
392,199974.99999999997,2017-08-20
392,533310.0,2017-08-21
392,546910.0,2017-08-22
392,465859.99999999994,2017-08-23
392,497409.99999999994,2017-08-24
392,706705.0,2017-08-25
392,339975.0,2017-08-26
392,199974.99999999997,2017-08-27
392,533310.0,2017-08-28
392,546910.0,2017-08-29
392,465859.99999999994,2017-08-30
392,497409.99999999994,2017-08-31
392,706705.0,2017-09-01
392,339975.0,2017-09-02
392,199974.99999999997,2017-09-03
392,533310.0,2017-09-04
392,546910.0,2017-09-05
392,465859.99999999994,2017-09-06
392,497409.99999999994,2017-09-07
392,706705.0,2017-09-08
392,339975.0,2017-09-09
392,199974.99999999997,2017-09-10
392,533310.0,2017-09-11
392,546910.0,2017-09-12
392,465859.99999999994,2017-09-13
392,497409.99999999994,2017-09-14
392,706705.0,2017-09-15
392,339975.0,2017-09-16
392,199974.99999999997,2017-09-17
402,261310.0,2017-08-16
402,333115.0,2017-08-17
402,238805.0,2017-08-18
402,197455.0,2017-08-19
402,311245.0,2017-08-20
402,313790.0,2017-08-21
402,277490.0,2017-08-22
402,261310.0,2017-08-23
402,333115.0,2017-08-24
402,238805.0,2017-08-25
402,197455.0,2017-08-26
402,311245.0,2017-08-27
402,313790.0,2017-08-28
402,277490.0,2017-08-29
402,261310.0,2017-08-30
402,333115.0,2017-08-31
402,238805.0,2017-09-01
402,197455.0,2017-09-02
402,311245.0,2017-09-03
402,313790.0,2017-09-04
402,277490.0,2017-09-05
402,261310.0,2017-09-06
402,333115.0,2017-09-07
402,238805.0,2017-09-08
402,197455.0,2017-09-09
402,311245.0,2017-09-10
402,313790.0,2017-09-11
402,277490.0,2017-09-12
402,261310.0,2017-09-13
402,333115.0,2017-09-14
402,238805.0,2017-09-15
402,197455.0,2017-09-16
402,311245.0,2017-09-17
412,28239.999999999978,2017-08-16
412,10914.999999999962,2017-08-17
412,13459.999999999953,2017-08-18
412,869.9999999999969,2017-08-19
412,44.999999999999844,2017-08-20
412,17569.999999999938,2017-08-21
412,8479.999999999969,2017-08-22
412,28239.999999999978,2017-08-23
412,10914.999999999962,2017-08-24
412,13459.999999999953,2017-08-25
412,869.9999999999969,2017-08-26
412,44.999999999999844,2017-08-27
412,17569.999999999938,2017-08-28
412,8479.999999999969,2017-08-29
412,28239.999999999978,2017-08-30
412,10914.999999999962,2017-08-31
412,13459.999999999953,2017-09-01
412,869.9999999999969,2017-09-02
412,44.999999999999844,2017-09-03
412,17569.999999999938,2017-09-04
412,8479.999999999969,2017-09-05
412,28239.999999999978,2017-09-06
412,10914.999999999962,2017-09-07
412,13459.999999999953,2017-09-08
412,869.9999999999969,2017-09-09
412,44.999999999999844,2017-09-10
412,17569.999999999938,2017-09-11
412,8479.999999999969,2017-09-12
412,28239.999999999978,2017-09-13
412,10914.999999999962,2017-09-14
412,13459.999999999953,2017-09-15
412,869.9999999999969,2017-09-16
412,44.999999999999844,2017-09-17
417,299315.0,2017-08-16
417,329289.99999999994,2017-08-17
417,357244.99999999994,2017-08-18
417,282110.0,2017-08-19
417,330680.0,2017-08-20
417,393699.99999999994,2017-08-21
417,402514.99999999994,2017-08-22
417,299315.0,2017-08-23
417,329289.99999999994,2017-08-24
417,357244.99999999994,2017-08-25
417,282110.0,2017-08-26
417,330680.0,2017-08-27
417,393699.99999999994,2017-08-28
417,402514.99999999994,2017-08-29
417,299315.0,2017-08-30
417,329289.99999999994,2017-08-31
417,357244.99999999994,2017-09-01
417,282110.0,2017-09-02
417,330680.0,2017-09-03
417,393699.99999999994,2017-09-04
417,402514.99999999994,2017-09-05
417,299315.0,2017-09-06
417,329289.99999999994,2017-09-07
417,357244.99999999994,2017-09-08
417,282110.0,2017-09-09
417,330680.0,2017-09-10
417,393699.99999999994,2017-09-11
417,402514.99999999994,2017-09-12
417,299315.0,2017-09-13
417,329289.99999999994,2017-09-14
417,357244.99999999994,2017-09-15
417,282110.0,2017-09-16
417,330680.0,2017-09-17
