user_id,id3_1,id3_2,id3_3,id3_4,id3_5
464300,0,1,2,3,4
915655,0,1,2,3,4
262696,0,1,2,3,4
354280,0,1,2,3,4
218912,0,1,2,3,4
1029729,0,1,2,3,4
14946,0,1,2,3,4
638732,0,1,2,3,4
1072612,0,1,2,3,4
327337,0,1,2,3,4
861305,0,1,2,3,4
1072292,0,1,2,3,4
967880,0,1,2,3,4
264139,0,1,2,3,4
109687,0,1,2,3,4
733016,0,1,2,3,4
557413,0,1,2,3,4
961869,0,1,2,3,4
1143483,0,1,2,3,4
364536,0,1,2,3,4
448027,0,1,2,3,4
672894,0,1,2,3,4
104229,0,1,2,3,4
726403,0,1,2,3,4
502204,0,1,2,3,4
913436,0,1,2,3,4
141788,0,1,2,3,4
193855,0,1,2,3,4
557350,0,1,2,3,4
282394,0,1,2,3,4
5372,0,1,2,3,4
142346,0,1,2,3,4
357392,0,1,2,3,4
1144593,0,1,2,3,4
1064939,0,1,2,3,4
325474,0,1,2,3,4
377969,0,1,2,3,4
1111685,0,1,2,3,4
1001656,0,1,2,3,4
754113,0,1,2,3,4
489465,0,1,2,3,4
629859,0,1,2,3,4
635165,0,1,2,3,4
369420,0,1,2,3,4
1097251,0,1,2,3,4
124475,0,1,2,3,4
596106,0,1,2,3,4
449620,0,1,2,3,4
817091,0,1,2,3,4
774893,0,1,2,3,4
157429,0,1,2,3,4
853286,0,1,2,3,4
526778,0,1,2,3,4
460580,0,1,2,3,4
190200,0,1,2,3,4
1027643,0,1,2,3,4
1172866,0,1,2,3,4
713009,0,1,2,3,4
133103,0,1,2,3,4
975157,0,1,2,3,4
775785,0,1,2,3,4
1044453,0,1,2,3,4
690938,0,1,2,3,4
83219,0,1,2,3,4
989106,0,1,2,3,4
174020,0,1,2,3,4
1166432,0,1,2,3,4
282450,0,1,2,3,4
428653,0,1,2,3,4
51399,0,1,2,3,4
269257,0,1,2,3,4
470020,0,1,2,3,4
329294,0,1,2,3,4
385431,0,1,2,3,4
513258,0,1,2,3,4
634341,0,1,2,3,4
212075,0,1,2,3,4
287577,0,1,2,3,4
464224,0,1,2,3,4
1137577,0,1,2,3,4
259945,0,1,2,3,4
957736,0,1,2,3,4
481951,0,1,2,3,4
288566,0,1,2,3,4
930790,0,1,2,3,4
35154,0,1,2,3,4
1030335,0,1,2,3,4
923554,0,1,2,3,4
586047,0,1,2,3,4
732090,0,1,2,3,4
236181,0,1,2,3,4
513861,0,1,2,3,4
892127,0,1,2,3,4
309943,0,1,2,3,4
254384,0,1,2,3,4
992908,0,1,2,3,4
538437,0,1,2,3,4
628924,0,1,2,3,4
427820,0,1,2,3,4
639470,0,1,2,3,4
182376,0,1,2,3,4
324737,0,1,2,3,4
123581,0,1,2,3,4
582539,0,1,2,3,4
1072847,0,1,2,3,4
931441,0,1,2,3,4
392602,0,1,2,3,4
457024,0,1,2,3,4
965857,0,1,2,3,4
565992,0,1,2,3,4
147637,0,1,2,3,4
1105150,0,1,2,3,4
666657,0,1,2,3,4
427483,0,1,2,3,4
473089,0,1,2,3,4
739823,0,1,2,3,4
581229,0,1,2,3,4
920155,0,1,2,3,4
456557,0,1,2,3,4
503367,0,1,2,3,4
273941,0,1,2,3,4
301351,0,1,2,3,4
176925,0,1,2,3,4
267524,0,1,2,3,4
203920,0,1,2,3,4
699785,0,1,2,3,4
842524,0,1,2,3,4
921520,0,1,2,3,4
19525,0,1,2,3,4
966257,0,1,2,3,4
880915,0,1,2,3,4
278261,0,1,2,3,4
1113966,0,1,2,3,4
923070,0,1,2,3,4
397814,0,1,2,3,4
1013803,0,1,2,3,4
971993,0,1,2,3,4
233228,0,1,2,3,4
866437,0,1,2,3,4
491431,0,1,2,3,4
146022,0,1,2,3,4
1155191,0,1,2,3,4
759420,0,1,2,3,4
89403,0,1,2,3,4
984179,0,1,2,3,4
1014424,0,1,2,3,4
30814,0,1,2,3,4
856398,0,1,2,3,4
837819,0,1,2,3,4
230648,0,1,2,3,4
291027,0,1,2,3,4
934519,0,1,2,3,4
574898,0,1,2,3,4
758805,0,1,2,3,4
823668,0,1,2,3,4
649358,0,1,2,3,4
364648,0,1,2,3,4
143999,0,1,2,3,4
642597,0,1,2,3,4
729178,0,1,2,3,4
350455,0,1,2,3,4
238077,0,1,2,3,4
933569,0,1,2,3,4
1177484,0,1,2,3,4
543460,0,1,2,3,4
740666,0,1,2,3,4
344476,0,1,2,3,4
861890,0,1,2,3,4
826293,0,1,2,3,4
518638,0,1,2,3,4
842426,0,1,2,3,4
652144,0,1,2,3,4
744913,0,1,2,3,4
1038597,0,1,2,3,4
1169124,0,1,2,3,4
493596,0,1,2,3,4
975626,0,1,2,3,4
1137703,0,1,2,3,4
281459,0,1,2,3,4
317519,0,1,2,3,4
222839,0,1,2,3,4
263571,0,1,2,3,4
484827,0,1,2,3,4
648703,0,1,2,3,4
920227,0,1,2,3,4
725696,0,1,2,3,4
63335,0,1,2,3,4
896959,0,1,2,3,4
998299,0,1,2,3,4
899969,0,1,2,3,4
938865,0,1,2,3,4
903782,0,1,2,3,4
147510,0,1,2,3,4
614272,0,1,2,3,4
291304,0,1,2,3,4
1126990,0,1,2,3,4
726381,0,1,2,3,4
1001507,0,1,2,3,4
959520,0,1,2,3,4
645370,0,1,2,3,4
945576,0,1,2,3,4
195386,0,1,2,3,4
770249,0,1,2,3,4
31383,0,1,2,3,4
1135063,0,1,2,3,4
361714,0,1,2,3,4
6947,0,1,2,3,4
37606,0,1,2,3,4
295009,0,1,2,3,4
242380,0,1,2,3,4
1175834,0,1,2,3,4
742632,0,1,2,3,4
578826,0,1,2,3,4
1136914,0,1,2,3,4
458397,0,1,2,3,4
368696,0,1,2,3,4
395439,0,1,2,3,4
204552,0,1,2,3,4
871462,0,1,2,3,4
1164989,0,1,2,3,4
614383,0,1,2,3,4
357511,0,1,2,3,4
100146,0,1,2,3,4
572639,0,1,2,3,4
891543,0,1,2,3,4
54004,0,1,2,3,4
201682,0,1,2,3,4
376705,0,1,2,3,4
391847,0,1,2,3,4
535451,0,1,2,3,4
887365,0,1,2,3,4
582299,0,1,2,3,4
112796,0,1,2,3,4
652446,0,1,2,3,4
151742,0,1,2,3,4
915988,0,1,2,3,4
602132,0,1,2,3,4
583532,0,1,2,3,4
896573,0,1,2,3,4
583393,0,1,2,3,4
57980,0,1,2,3,4
111357,0,1,2,3,4
958913,0,1,2,3,4
316159,0,1,2,3,4
272710,0,1,2,3,4
762088,0,1,2,3,4
716983,0,1,2,3,4
1038395,0,1,2,3,4
612509,0,1,2,3,4
1030739,0,1,2,3,4
344445,0,1,2,3,4
970339,0,1,2,3,4
623480,0,1,2,3,4
16526,0,1,2,3,4
274467,0,1,2,3,4
529025,0,1,2,3,4
587534,0,1,2,3,4
266095,0,1,2,3,4
305548,0,1,2,3,4
1065603,0,1,2,3,4
398644,0,1,2,3,4
382152,0,1,2,3,4
467597,0,1,2,3,4
502225,0,1,2,3,4
962524,0,1,2,3,4
652237,0,1,2,3,4
37679,0,1,2,3,4
941082,0,1,2,3,4
769203,0,1,2,3,4
165795,0,1,2,3,4
54426,0,1,2,3,4
756599,0,1,2,3,4
527656,0,1,2,3,4
135262,0,1,2,3,4
376182,0,1,2,3,4
1099146,0,1,2,3,4
500819,0,1,2,3,4
410887,0,1,2,3,4
927965,0,1,2,3,4
439324,0,1,2,3,4
893253,0,1,2,3,4
407520,0,1,2,3,4
679801,0,1,2,3,4
1095513,0,1,2,3,4
414185,0,1,2,3,4
765254,0,1,2,3,4
513897,0,1,2,3,4
516768,0,1,2,3,4
158656,0,1,2,3,4
797275,0,1,2,3,4
924710,0,1,2,3,4
1057239,0,1,2,3,4
933267,0,1,2,3,4
325839,0,1,2,3,4
107333,0,1,2,3,4
699470,0,1,2,3,4
444717,0,1,2,3,4
229000,0,1,2,3,4
1065856,0,1,2,3,4
663783,0,1,2,3,4
273664,0,1,2,3,4
390266,0,1,2,3,4
165156,0,1,2,3,4
958565,0,1,2,3,4
291997,0,1,2,3,4
805458,0,1,2,3,4
1043548,0,1,2,3,4
98331,0,1,2,3,4
302143,0,1,2,3,4
932700,0,1,2,3,4
708218,0,1,2,3,4
94986,0,1,2,3,4
275883,0,1,2,3,4
900585,0,1,2,3,4
1100554,0,1,2,3,4
687596,0,1,2,3,4
10916,0,1,2,3,4
499887,0,1,2,3,4
424526,0,1,2,3,4
589335,0,1,2,3,4
601656,0,1,2,3,4
1064112,0,1,2,3,4
894923,0,1,2,3,4
851933,0,1,2,3,4
657035,0,1,2,3,4
258729,0,1,2,3,4
553664,0,1,2,3,4
651536,0,1,2,3,4
1005942,0,1,2,3,4
223020,0,1,2,3,4
434260,0,1,2,3,4
686682,0,1,2,3,4
263020,0,1,2,3,4
1049625,0,1,2,3,4
447043,0,1,2,3,4
54948,0,1,2,3,4
946157,0,1,2,3,4
351130,0,1,2,3,4
115995,0,1,2,3,4
1159415,0,1,2,3,4
982570,0,1,2,3,4
295830,0,1,2,3,4
794609,0,1,2,3,4
631733,0,1,2,3,4
473813,0,1,2,3,4
1172833,0,1,2,3,4
81276,0,1,2,3,4
35088,0,1,2,3,4
1060170,0,1,2,3,4
2820,0,1,2,3,4
480349,0,1,2,3,4
577352,0,1,2,3,4
325909,0,1,2,3,4
713467,0,1,2,3,4
566431,0,1,2,3,4
680412,0,1,2,3,4
1112547,0,1,2,3,4
965450,0,1,2,3,4
709457,0,1,2,3,4
1050277,0,1,2,3,4
1042865,0,1,2,3,4
872316,0,1,2,3,4
40734,0,1,2,3,4
684445,0,1,2,3,4
444724,0,1,2,3,4
888201,0,1,2,3,4
597397,0,1,2,3,4
969273,0,1,2,3,4
23956,0,1,2,3,4
349994,0,1,2,3,4
840384,0,1,2,3,4
973643,0,1,2,3,4
360587,0,1,2,3,4
396571,0,1,2,3,4
607822,0,1,2,3,4
578201,0,1,2,3,4
162126,0,1,2,3,4
960995,0,1,2,3,4
926895,0,1,2,3,4
1046958,0,1,2,3,4
726599,0,1,2,3,4
465531,0,1,2,3,4
300377,0,1,2,3,4
317192,0,1,2,3,4
41061,0,1,2,3,4
402163,0,1,2,3,4
79813,0,1,2,3,4
864606,0,1,2,3,4
486023,0,1,2,3,4
630953,0,1,2,3,4
695951,0,1,2,3,4
1125473,0,1,2,3,4
1101418,0,1,2,3,4
885556,0,1,2,3,4
389962,0,1,2,3,4
606965,0,1,2,3,4
653189,0,1,2,3,4
87404,0,1,2,3,4
570265,0,1,2,3,4
457409,0,1,2,3,4
355323,0,1,2,3,4
985406,0,1,2,3,4
606457,0,1,2,3,4
1045705,0,1,2,3,4
524850,0,1,2,3,4
193607,0,1,2,3,4
1011811,0,1,2,3,4
855475,0,1,2,3,4
1043150,0,1,2,3,4
293932,0,1,2,3,4
1050681,0,1,2,3,4
393644,0,1,2,3,4
762546,0,1,2,3,4
22603,0,1,2,3,4
399476,0,1,2,3,4
545909,0,1,2,3,4
273452,0,1,2,3,4
3404,0,1,2,3,4
1826,0,1,2,3,4
530107,0,1,2,3,4
421658,0,1,2,3,4
1016530,0,1,2,3,4
473624,0,1,2,3,4
268568,0,1,2,3,4
1178381,0,1,2,3,4
773958,0,1,2,3,4
533456,0,1,2,3,4
927052,0,1,2,3,4
606368,0,1,2,3,4
600779,0,1,2,3,4
1121986,0,1,2,3,4
306345,0,1,2,3,4
124819,0,1,2,3,4
308903,0,1,2,3,4
121102,0,1,2,3,4
766011,0,1,2,3,4
487007,0,1,2,3,4
825028,0,1,2,3,4
756270,0,1,2,3,4
515697,0,1,2,3,4
435559,0,1,2,3,4
374317,0,1,2,3,4
637164,0,1,2,3,4
989660,0,1,2,3,4
809332,0,1,2,3,4
172243,0,1,2,3,4
137269,0,1,2,3,4
185956,0,1,2,3,4
624453,0,1,2,3,4
1146974,0,1,2,3,4
667959,0,1,2,3,4
859807,0,1,2,3,4
776640,0,1,2,3,4
917497,0,1,2,3,4
395664,0,1,2,3,4
65277,0,1,2,3,4
237115,0,1,2,3,4
119222,0,1,2,3,4
142309,0,1,2,3,4
1100274,0,1,2,3,4
209144,0,1,2,3,4
1138445,0,1,2,3,4
491062,0,1,2,3,4
337362,0,1,2,3,4
807729,0,1,2,3,4
545763,0,1,2,3,4
677650,0,1,2,3,4
736047,0,1,2,3,4
188157,0,1,2,3,4
813475,0,1,2,3,4
383659,0,1,2,3,4
126028,0,1,2,3,4
133736,0,1,2,3,4
855835,0,1,2,3,4
889783,0,1,2,3,4
722709,0,1,2,3,4
928329,0,1,2,3,4
966960,0,1,2,3,4
621251,0,1,2,3,4
683441,0,1,2,3,4
1102897,0,1,2,3,4
1126405,0,1,2,3,4
1075554,0,1,2,3,4
78551,0,1,2,3,4
1024387,0,1,2,3,4
914370,0,1,2,3,4
990712,0,1,2,3,4
399396,0,1,2,3,4
160544,0,1,2,3,4
968674,0,1,2,3,4
955170,0,1,2,3,4
643203,0,1,2,3,4
1150429,0,1,2,3,4
697399,0,1,2,3,4
1083433,0,1,2,3,4
490706,0,1,2,3,4
208048,0,1,2,3,4
846049,0,1,2,3,4
300153,0,1,2,3,4
390971,0,1,2,3,4
525424,0,1,2,3,4
166724,0,1,2,3,4
305357,0,1,2,3,4
398286,0,1,2,3,4
720352,0,1,2,3,4
1112231,0,1,2,3,4
268678,0,1,2,3,4
605742,0,1,2,3,4
91667,0,1,2,3,4
443350,0,1,2,3,4
813063,0,1,2,3,4
847362,0,1,2,3,4
940092,0,1,2,3,4
1086870,0,1,2,3,4
5937,0,1,2,3,4
590943,0,1,2,3,4
715127,0,1,2,3,4
918629,0,1,2,3,4
1071705,0,1,2,3,4
34628,0,1,2,3,4
766070,0,1,2,3,4
1160814,0,1,2,3,4
843978,0,1,2,3,4
993823,0,1,2,3,4
297332,0,1,2,3,4
263707,0,1,2,3,4
260094,0,1,2,3,4
810664,0,1,2,3,4
194441,0,1,2,3,4
228186,0,1,2,3,4
43758,0,1,2,3,4
50956,0,1,2,3,4
245946,0,1,2,3,4
1124492,0,1,2,3,4
76566,0,1,2,3,4
962414,0,1,2,3,4
456752,0,1,2,3,4
536383,0,1,2,3,4
325048,0,1,2,3,4
1120030,0,1,2,3,4
216593,0,1,2,3,4
31171,0,1,2,3,4
371863,0,1,2,3,4
303929,0,1,2,3,4
1037783,0,1,2,3,4
342782,0,1,2,3,4
118569,0,1,2,3,4
18421,0,1,2,3,4
375777,0,1,2,3,4
915871,0,1,2,3,4
40102,0,1,2,3,4
654228,0,1,2,3,4
1153757,0,1,2,3,4
1158450,0,1,2,3,4
704985,0,1,2,3,4
817710,0,1,2,3,4
474556,0,1,2,3,4
1043144,0,1,2,3,4
431066,0,1,2,3,4
281841,0,1,2,3,4
810169,0,1,2,3,4
1170242,0,1,2,3,4
545094,0,1,2,3,4
302890,0,1,2,3,4
1032250,0,1,2,3,4
591180,0,1,2,3,4
167633,0,1,2,3,4
170999,0,1,2,3,4
836378,0,1,2,3,4
644291,0,1,2,3,4
1092765,0,1,2,3,4
1198,0,1,2,3,4
760087,0,1,2,3,4
850150,0,1,2,3,4
634994,0,1,2,3,4
718502,0,1,2,3,4
280391,0,1,2,3,4
575082,0,1,2,3,4
734226,0,1,2,3,4
954928,0,1,2,3,4
37242,0,1,2,3,4
671215,0,1,2,3,4
1159379,0,1,2,3,4
370693,0,1,2,3,4
784124,0,1,2,3,4
194850,0,1,2,3,4
354211,0,1,2,3,4
944461,0,1,2,3,4
759050,0,1,2,3,4
224349,0,1,2,3,4
899918,0,1,2,3,4
747472,0,1,2,3,4
899756,0,1,2,3,4
1071981,0,1,2,3,4
153273,0,1,2,3,4
979450,0,1,2,3,4
203783,0,1,2,3,4
90106,0,1,2,3,4
936784,0,1,2,3,4
544228,0,1,2,3,4
355637,0,1,2,3,4
786576,0,1,2,3,4
1042264,0,1,2,3,4
866246,0,1,2,3,4
1020061,0,1,2,3,4
322771,0,1,2,3,4
552924,0,1,2,3,4
1039555,0,1,2,3,4
246273,0,1,2,3,4
213212,0,1,2,3,4
1074759,0,1,2,3,4
30163,0,1,2,3,4
927406,0,1,2,3,4
264224,0,1,2,3,4
264241,0,1,2,3,4
517756,0,1,2,3,4
1006956,0,1,2,3,4
644651,0,1,2,3,4
1100843,0,1,2,3,4
738950,0,1,2,3,4
530873,0,1,2,3,4
575195,0,1,2,3,4
1017930,0,1,2,3,4
657518,0,1,2,3,4
1146375,0,1,2,3,4
809384,0,1,2,3,4
860408,0,1,2,3,4
860190,0,1,2,3,4
50531,0,1,2,3,4
1029155,0,1,2,3,4
626889,0,1,2,3,4
200448,0,1,2,3,4
291684,0,1,2,3,4
772436,0,1,2,3,4
1097294,0,1,2,3,4
215217,0,1,2,3,4
517150,0,1,2,3,4
194557,0,1,2,3,4
272262,0,1,2,3,4
433104,0,1,2,3,4
1013757,0,1,2,3,4
1052638,0,1,2,3,4
236298,0,1,2,3,4
73893,0,1,2,3,4
608555,0,1,2,3,4
58158,0,1,2,3,4
556341,0,1,2,3,4
1042559,0,1,2,3,4
193439,0,1,2,3,4
196868,0,1,2,3,4
639422,0,1,2,3,4
204513,0,1,2,3,4
623551,0,1,2,3,4
939503,0,1,2,3,4
454168,0,1,2,3,4
374526,0,1,2,3,4
120729,0,1,2,3,4
760119,0,1,2,3,4
806698,0,1,2,3,4
970855,0,1,2,3,4
586434,0,1,2,3,4
959442,0,1,2,3,4
258937,0,1,2,3,4
1121955,0,1,2,3,4
412286,0,1,2,3,4
731379,0,1,2,3,4
112280,0,1,2,3,4
895721,0,1,2,3,4
921423,0,1,2,3,4
1004729,0,1,2,3,4
830247,0,1,2,3,4
621696,0,1,2,3,4
84981,0,1,2,3,4
884151,0,1,2,3,4
22112,0,1,2,3,4
623150,0,1,2,3,4
635339,0,1,2,3,4
766359,0,1,2,3,4
410683,0,1,2,3,4
132487,0,1,2,3,4
225151,0,1,2,3,4
108584,0,1,2,3,4
333051,0,1,2,3,4
536895,0,1,2,3,4
324660,0,1,2,3,4
247228,0,1,2,3,4
482411,0,1,2,3,4
381350,0,1,2,3,4
366848,0,1,2,3,4
718807,0,1,2,3,4
276296,0,1,2,3,4
528042,0,1,2,3,4
555500,0,1,2,3,4
451298,0,1,2,3,4
539681,0,1,2,3,4
724581,0,1,2,3,4
28632,0,1,2,3,4
536337,0,1,2,3,4
203670,0,1,2,3,4
187004,0,1,2,3,4
808773,0,1,2,3,4
439486,0,1,2,3,4
928616,0,1,2,3,4
589722,0,1,2,3,4
438330,0,1,2,3,4
804789,0,1,2,3,4
226278,0,1,2,3,4
491384,0,1,2,3,4
289139,0,1,2,3,4
153248,0,1,2,3,4
335825,0,1,2,3,4
418989,0,1,2,3,4
425309,0,1,2,3,4
1075212,0,1,2,3,4
23894,0,1,2,3,4
1092132,0,1,2,3,4
839868,0,1,2,3,4
300762,0,1,2,3,4
756853,0,1,2,3,4
859457,0,1,2,3,4
87817,0,1,2,3,4
377522,0,1,2,3,4
1096173,0,1,2,3,4
924539,0,1,2,3,4
625473,0,1,2,3,4
661107,0,1,2,3,4
162047,0,1,2,3,4
1154897,0,1,2,3,4
692748,0,1,2,3,4
252975,0,1,2,3,4
991128,0,1,2,3,4
875067,0,1,2,3,4
894477,0,1,2,3,4
59571,0,1,2,3,4
209599,0,1,2,3,4
671781,0,1,2,3,4
517363,0,1,2,3,4
186438,0,1,2,3,4
363227,0,1,2,3,4
184764,0,1,2,3,4
485588,0,1,2,3,4
802510,0,1,2,3,4
973523,0,1,2,3,4
782960,0,1,2,3,4
1178893,0,1,2,3,4
829502,0,1,2,3,4
579074,0,1,2,3,4
739325,0,1,2,3,4
1017031,0,1,2,3,4
130043,0,1,2,3,4
730739,0,1,2,3,4
32829,0,1,2,3,4
111997,0,1,2,3,4
1127042,0,1,2,3,4
585090,0,1,2,3,4
213853,0,1,2,3,4
220149,0,1,2,3,4
483415,0,1,2,3,4
195191,0,1,2,3,4
1053299,0,1,2,3,4
508000,0,1,2,3,4
743631,0,1,2,3,4
512688,0,1,2,3,4
1076712,0,1,2,3,4
837638,0,1,2,3,4
1026123,0,1,2,3,4
961524,0,1,2,3,4
1032568,0,1,2,3,4
579856,0,1,2,3,4
608422,0,1,2,3,4
444217,0,1,2,3,4
1168793,0,1,2,3,4
14057,0,1,2,3,4
1037385,0,1,2,3,4
724101,0,1,2,3,4
350099,0,1,2,3,4
212281,0,1,2,3,4
683943,0,1,2,3,4
386217,0,1,2,3,4
505987,0,1,2,3,4
279445,0,1,2,3,4
901777,0,1,2,3,4
392322,0,1,2,3,4
818901,0,1,2,3,4
1178675,0,1,2,3,4
1008645,0,1,2,3,4
930700,0,1,2,3,4
844442,0,1,2,3,4
183554,0,1,2,3,4
272465,0,1,2,3,4
274370,0,1,2,3,4
817056,0,1,2,3,4
381966,0,1,2,3,4
764534,0,1,2,3,4
53887,0,1,2,3,4
1159876,0,1,2,3,4
801419,0,1,2,3,4
1120922,0,1,2,3,4
942219,0,1,2,3,4
540184,0,1,2,3,4
398650,0,1,2,3,4
65053,0,1,2,3,4
582052,0,1,2,3,4
836762,0,1,2,3,4
312018,0,1,2,3,4
855985,0,1,2,3,4
72126,0,1,2,3,4
38005,0,1,2,3,4
401245,0,1,2,3,4
706095,0,1,2,3,4
674877,0,1,2,3,4
199164,0,1,2,3,4
210983,0,1,2,3,4
419129,0,1,2,3,4
633701,0,1,2,3,4
750043,0,1,2,3,4
92814,0,1,2,3,4
459328,0,1,2,3,4
464396,0,1,2,3,4
888229,0,1,2,3,4
405745,0,1,2,3,4
234581,0,1,2,3,4
1073843,0,1,2,3,4
457686,0,1,2,3,4
199692,0,1,2,3,4
1151878,0,1,2,3,4
482903,0,1,2,3,4
967797,0,1,2,3,4
1144439,0,1,2,3,4
827367,0,1,2,3,4
215097,0,1,2,3,4
1128782,0,1,2,3,4
948864,0,1,2,3,4
83619,0,1,2,3,4
1008705,0,1,2,3,4
877861,0,1,2,3,4
1173356,0,1,2,3,4
402776,0,1,2,3,4
680504,0,1,2,3,4
209593,0,1,2,3,4
1175127,0,1,2,3,4
532325,0,1,2,3,4
59512,0,1,2,3,4
560202,0,1,2,3,4
949060,0,1,2,3,4
710626,0,1,2,3,4
1150167,0,1,2,3,4
414071,0,1,2,3,4
1025042,0,1,2,3,4
6914,0,1,2,3,4
1004962,0,1,2,3,4
923786,0,1,2,3,4
599783,0,1,2,3,4
1071858,0,1,2,3,4
791214,0,1,2,3,4
593297,0,1,2,3,4
1065968,0,1,2,3,4
753311,0,1,2,3,4
967397,0,1,2,3,4
1000341,0,1,2,3,4
801082,0,1,2,3,4
840465,0,1,2,3,4
851176,0,1,2,3,4
988473,0,1,2,3,4
725645,0,1,2,3,4
441044,0,1,2,3,4
324767,0,1,2,3,4
1067,0,1,2,3,4
534551,0,1,2,3,4
798467,0,1,2,3,4
8040,0,1,2,3,4
789863,0,1,2,3,4
962425,0,1,2,3,4
947460,0,1,2,3,4
260013,0,1,2,3,4
991827,0,1,2,3,4
1065899,0,1,2,3,4
398671,0,1,2,3,4
887878,0,1,2,3,4
1158532,0,1,2,3,4
133832,0,1,2,3,4
1102183,0,1,2,3,4
755752,0,1,2,3,4
637433,0,1,2,3,4
373474,0,1,2,3,4
126281,0,1,2,3,4
325205,0,1,2,3,4
874165,0,1,2,3,4
287194,0,1,2,3,4
691197,0,1,2,3,4
816226,0,1,2,3,4
1040220,0,1,2,3,4
981092,0,1,2,3,4
429433,0,1,2,3,4
852551,0,1,2,3,4
659625,0,1,2,3,4
1167600,0,1,2,3,4
297241,0,1,2,3,4
34355,0,1,2,3,4
86983,0,1,2,3,4
40690,0,1,2,3,4
809632,0,1,2,3,4
1057421,0,1,2,3,4
771056,0,1,2,3,4
170707,0,1,2,3,4
772854,0,1,2,3,4
147828,0,1,2,3,4
1090426,0,1,2,3,4
353246,0,1,2,3,4
672271,0,1,2,3,4
1089528,0,1,2,3,4
759260,0,1,2,3,4
551765,0,1,2,3,4
351384,0,1,2,3,4
482703,0,1,2,3,4
226294,0,1,2,3,4
512354,0,1,2,3,4
814521,0,1,2,3,4
812139,0,1,2,3,4
36109,0,1,2,3,4
369207,0,1,2,3,4
348139,0,1,2,3,4
763512,0,1,2,3,4
763356,0,1,2,3,4
392165,0,1,2,3,4
926147,0,1,2,3,4
837014,0,1,2,3,4
412783,0,1,2,3,4
310820,0,1,2,3,4
553776,0,1,2,3,4
564031,0,1,2,3,4
256881,0,1,2,3,4
729018,0,1,2,3,4
1075450,0,1,2,3,4
929073,0,1,2,3,4
915202,0,1,2,3,4
475936,0,1,2,3,4
395273,0,1,2,3,4
772590,0,1,2,3,4
472938,0,1,2,3,4
1068964,0,1,2,3,4
1132179,0,1,2,3,4
1175953,0,1,2,3,4
1088069,0,1,2,3,4
999011,0,1,2,3,4
460257,0,1,2,3,4
30707,0,1,2,3,4
1061513,0,1,2,3,4
1058047,0,1,2,3,4
392656,0,1,2,3,4
1128176,0,1,2,3,4
356920,0,1,2,3,4
481692,0,1,2,3,4
1170805,0,1,2,3,4
235793,0,1,2,3,4
730412,0,1,2,3,4
658210,0,1,2,3,4
1151601,0,1,2,3,4
1071967,0,1,2,3,4
915495,0,1,2,3,4
12397,0,1,2,3,4
1112088,0,1,2,3,4
384436,0,1,2,3,4
911960,0,1,2,3,4
617962,0,1,2,3,4
88682,0,1,2,3,4
15908,0,1,2,3,4
177550,0,1,2,3,4
753981,0,1,2,3,4
924855,0,1,2,3,4
161032,0,1,2,3,4
777046,0,1,2,3,4
1115136,0,1,2,3,4
221884,0,1,2,3,4
979618,0,1,2,3,4
643933,0,1,2,3,4
173951,0,1,2,3,4
1115403,0,1,2,3,4
1075341,0,1,2,3,4
604366,0,1,2,3,4
741162,0,1,2,3,4
984923,0,1,2,3,4
774538,0,1,2,3,4
1158885,0,1,2,3,4
446520,0,1,2,3,4
978666,0,1,2,3,4
676659,0,1,2,3,4
1149173,0,1,2,3,4
754576,0,1,2,3,4
507352,0,1,2,3,4
606137,0,1,2,3,4
638503,0,1,2,3,4
112752,0,1,2,3,4
585565,0,1,2,3,4
729702,0,1,2,3,4
869925,0,1,2,3,4
523888,0,1,2,3,4
58373,0,1,2,3,4
244088,0,1,2,3,4
231252,0,1,2,3,4
751916,0,1,2,3,4
1122506,0,1,2,3,4
949920,0,1,2,3,4
1029149,0,1,2,3,4
1024908,0,1,2,3,4
365760,0,1,2,3,4
1093944,0,1,2,3,4
189315,0,1,2,3,4
454956,0,1,2,3,4
132690,0,1,2,3,4
499495,0,1,2,3,4
431544,0,1,2,3,4
561532,0,1,2,3,4
689878,0,1,2,3,4
561600,0,1,2,3,4
401586,0,1,2,3,4
918144,0,1,2,3,4
799060,0,1,2,3,4
186182,0,1,2,3,4
270452,0,1,2,3,4
884833,0,1,2,3,4
54373,0,1,2,3,4
444951,0,1,2,3,4
964666,0,1,2,3,4
207452,0,1,2,3,4
1041221,0,1,2,3,4
818725,0,1,2,3,4
722108,0,1,2,3,4
376476,0,1,2,3,4
110727,0,1,2,3,4
301264,0,1,2,3,4
8036,0,1,2,3,4
1126638,0,1,2,3,4
214058,0,1,2,3,4
432641,0,1,2,3,4
820490,0,1,2,3,4
903512,0,1,2,3,4
141292,0,1,2,3,4
36236,0,1,2,3,4
1176162,0,1,2,3,4
843930,0,1,2,3,4
783365,0,1,2,3,4
197820,0,1,2,3,4
1116578,0,1,2,3,4
65871,0,1,2,3,4
1116895,0,1,2,3,4
294329,0,1,2,3,4
768858,0,1,2,3,4
67464,0,1,2,3,4
301658,0,1,2,3,4
690077,0,1,2,3,4
157031,0,1,2,3,4
467067,0,1,2,3,4
57140,0,1,2,3,4
42810,0,1,2,3,4
427277,0,1,2,3,4
205470,0,1,2,3,4
384881,0,1,2,3,4
687677,0,1,2,3,4
943212,0,1,2,3,4
379475,0,1,2,3,4
79807,0,1,2,3,4
1032045,0,1,2,3,4
403247,0,1,2,3,4
616456,0,1,2,3,4
376856,0,1,2,3,4
524330,0,1,2,3,4
877367,0,1,2,3,4
593062,0,1,2,3,4
495587,0,1,2,3,4
968421,0,1,2,3,4
555784,0,1,2,3,4
332098,0,1,2,3,4
510405,0,1,2,3,4
1089270,0,1,2,3,4
294004,0,1,2,3,4
913773,0,1,2,3,4
929385,0,1,2,3,4
693086,0,1,2,3,4
494831,0,1,2,3,4
172928,0,1,2,3,4
135820,0,1,2,3,4
1003148,0,1,2,3,4
581258,0,1,2,3,4
129831,0,1,2,3,4
820756,0,1,2,3,4
1027542,0,1,2,3,4
991013,0,1,2,3,4
255187,0,1,2,3,4
667153,0,1,2,3,4
702750,0,1,2,3,4
46912,0,1,2,3,4
94269,0,1,2,3,4
1057842,0,1,2,3,4
465616,0,1,2,3,4
554710,0,1,2,3,4
982012,0,1,2,3,4
874254,0,1,2,3,4
698278,0,1,2,3,4
290288,0,1,2,3,4
154760,0,1,2,3,4
118991,0,1,2,3,4
49938,0,1,2,3,4
143660,0,1,2,3,4
1176447,0,1,2,3,4
643808,0,1,2,3,4
227521,0,1,2,3,4
265046,0,1,2,3,4
671956,0,1,2,3,4
151604,0,1,2,3,4
645742,0,1,2,3,4
318968,0,1,2,3,4
503728,0,1,2,3,4
1050091,0,1,2,3,4
367658,0,1,2,3,4
206592,0,1,2,3,4
537930,0,1,2,3,4
172478,0,1,2,3,4
356335,0,1,2,3,4
945432,0,1,2,3,4
364979,0,1,2,3,4
4636,0,1,2,3,4
1048003,0,1,2,3,4
125640,0,1,2,3,4
436512,0,1,2,3,4
956524,0,1,2,3,4
890248,0,1,2,3,4
261544,0,1,2,3,4
884395,0,1,2,3,4
242702,0,1,2,3,4
1145932,0,1,2,3,4
983486,0,1,2,3,4
208491,0,1,2,3,4
25771,0,1,2,3,4
777474,0,1,2,3,4
340829,0,1,2,3,4
532712,0,1,2,3,4
416098,0,1,2,3,4
732779,0,1,2,3,4
1175650,0,1,2,3,4
106702,0,1,2,3,4
1031777,0,1,2,3,4
961806,0,1,2,3,4
70721,0,1,2,3,4
396004,0,1,2,3,4
502371,0,1,2,3,4
905337,0,1,2,3,4
326569,0,1,2,3,4
584589,0,1,2,3,4
898467,0,1,2,3,4
135267,0,1,2,3,4
322477,0,1,2,3,4
541888,0,1,2,3,4
552051,0,1,2,3,4
365260,0,1,2,3,4
710996,0,1,2,3,4
300472,0,1,2,3,4
148653,0,1,2,3,4
1090241,0,1,2,3,4
899861,0,1,2,3,4
389643,0,1,2,3,4
797022,0,1,2,3,4
561043,0,1,2,3,4
478493,0,1,2,3,4
380611,0,1,2,3,4
1053120,0,1,2,3,4
348354,0,1,2,3,4
246576,0,1,2,3,4
426664,0,1,2,3,4
570986,0,1,2,3,4
406839,0,1,2,3,4
573819,0,1,2,3,4
261454,0,1,2,3,4
8939,0,1,2,3,4
811807,0,1,2,3,4
163190,0,1,2,3,4
926634,0,1,2,3,4
1077441,0,1,2,3,4
822035,0,1,2,3,4
1163580,0,1,2,3,4
605614,0,1,2,3,4
1109389,0,1,2,3,4
485263,0,1,2,3,4
616686,0,1,2,3,4
397591,0,1,2,3,4
941602,0,1,2,3,4
27557,0,1,2,3,4
874055,0,1,2,3,4
620393,0,1,2,3,4
1156871,0,1,2,3,4
324854,0,1,2,3,4
522693,0,1,2,3,4
765549,0,1,2,3,4
1091563,0,1,2,3,4
1099078,0,1,2,3,4
286188,0,1,2,3,4
1074581,0,1,2,3,4
63978,0,1,2,3,4
816412,0,1,2,3,4
136097,0,1,2,3,4
948208,0,1,2,3,4
608440,0,1,2,3,4
904633,0,1,2,3,4
476210,0,1,2,3,4
184457,0,1,2,3,4
951057,0,1,2,3,4
1026857,0,1,2,3,4
671685,0,1,2,3,4
454592,0,1,2,3,4
791807,0,1,2,3,4
423990,0,1,2,3,4
1088518,0,1,2,3,4
1076366,0,1,2,3,4
872312,0,1,2,3,4
12225,0,1,2,3,4
513262,0,1,2,3,4
60559,0,1,2,3,4
606648,0,1,2,3,4
361446,0,1,2,3,4
508067,0,1,2,3,4
61787,0,1,2,3,4
276515,0,1,2,3,4
456260,0,1,2,3,4
653007,0,1,2,3,4
727682,0,1,2,3,4
876947,0,1,2,3,4
222924,0,1,2,3,4
728720,0,1,2,3,4
1174019,0,1,2,3,4
1047912,0,1,2,3,4
327635,0,1,2,3,4
720164,0,1,2,3,4
1060296,0,1,2,3,4
670531,0,1,2,3,4
906339,0,1,2,3,4
355753,0,1,2,3,4
852844,0,1,2,3,4
492260,0,1,2,3,4
505427,0,1,2,3,4
323804,0,1,2,3,4
974120,0,1,2,3,4
177338,0,1,2,3,4
506333,0,1,2,3,4
1073912,0,1,2,3,4
907314,0,1,2,3,4
1014168,0,1,2,3,4
1130195,0,1,2,3,4
796213,0,1,2,3,4
830181,0,1,2,3,4
950209,0,1,2,3,4
1047516,0,1,2,3,4
53913,0,1,2,3,4
789026,0,1,2,3,4
888083,0,1,2,3,4
728504,0,1,2,3,4
1046158,0,1,2,3,4
989004,0,1,2,3,4
227727,0,1,2,3,4
214091,0,1,2,3,4
1097306,0,1,2,3,4
206184,0,1,2,3,4
1177575,0,1,2,3,4
13280,0,1,2,3,4
834796,0,1,2,3,4
410492,0,1,2,3,4
616224,0,1,2,3,4
402806,0,1,2,3,4
625497,0,1,2,3,4
743151,0,1,2,3,4
415378,0,1,2,3,4
359919,0,1,2,3,4
164776,0,1,2,3,4
811925,0,1,2,3,4
491733,0,1,2,3,4
648551,0,1,2,3,4
615259,0,1,2,3,4
565411,0,1,2,3,4
725188,0,1,2,3,4
476779,0,1,2,3,4
765137,0,1,2,3,4
542793,0,1,2,3,4
58374,0,1,2,3,4
597676,0,1,2,3,4
840060,0,1,2,3,4
901331,0,1,2,3,4
304973,0,1,2,3,4
997298,0,1,2,3,4
355452,0,1,2,3,4
770524,0,1,2,3,4
1163980,0,1,2,3,4
304480,0,1,2,3,4
1174181,0,1,2,3,4
1092525,0,1,2,3,4
839696,0,1,2,3,4
102571,0,1,2,3,4
744542,0,1,2,3,4
807750,0,1,2,3,4
357,0,1,2,3,4
47222,0,1,2,3,4
1001121,0,1,2,3,4
1177654,0,1,2,3,4
78719,0,1,2,3,4
627500,0,1,2,3,4
876507,0,1,2,3,4
1059409,0,1,2,3,4
701947,0,1,2,3,4
26103,0,1,2,3,4
478970,0,1,2,3,4
299629,0,1,2,3,4
895089,0,1,2,3,4
677779,0,1,2,3,4
631453,0,1,2,3,4
978557,0,1,2,3,4
20745,0,1,2,3,4
991139,0,1,2,3,4
102609,0,1,2,3,4
649912,0,1,2,3,4
539834,0,1,2,3,4
989404,0,1,2,3,4
942272,0,1,2,3,4
214610,0,1,2,3,4
66669,0,1,2,3,4
181686,0,1,2,3,4
1123841,0,1,2,3,4
974036,0,1,2,3,4
640122,0,1,2,3,4
783135,0,1,2,3,4
297730,0,1,2,3,4
421572,0,1,2,3,4
320612,0,1,2,3,4
878866,0,1,2,3,4
278695,0,1,2,3,4
634530,0,1,2,3,4
801210,0,1,2,3,4
1155065,0,1,2,3,4
136492,0,1,2,3,4
866359,0,1,2,3,4
104382,0,1,2,3,4
1064792,0,1,2,3,4
1091538,0,1,2,3,4
202854,0,1,2,3,4
138821,0,1,2,3,4
300422,0,1,2,3,4
789646,0,1,2,3,4
238390,0,1,2,3,4
611559,0,1,2,3,4
347900,0,1,2,3,4
493061,0,1,2,3,4
334561,0,1,2,3,4
557918,0,1,2,3,4
985845,0,1,2,3,4
969661,0,1,2,3,4
1080622,0,1,2,3,4
225455,0,1,2,3,4
134714,0,1,2,3,4
387705,0,1,2,3,4
71274,0,1,2,3,4
188127,0,1,2,3,4
734231,0,1,2,3,4
757900,0,1,2,3,4
369915,0,1,2,3,4
725985,0,1,2,3,4
645675,0,1,2,3,4
21264,0,1,2,3,4
682291,0,1,2,3,4
701620,0,1,2,3,4
1053865,0,1,2,3,4
55232,0,1,2,3,4
135911,0,1,2,3,4
382299,0,1,2,3,4
153618,0,1,2,3,4
599477,0,1,2,3,4
879897,0,1,2,3,4
157377,0,1,2,3,4
815561,0,1,2,3,4
481950,0,1,2,3,4
596093,0,1,2,3,4
457616,0,1,2,3,4
746175,0,1,2,3,4
905664,0,1,2,3,4
275165,0,1,2,3,4
420516,0,1,2,3,4
408651,0,1,2,3,4
206404,0,1,2,3,4
279883,0,1,2,3,4
48922,0,1,2,3,4
778821,0,1,2,3,4
402298,0,1,2,3,4
1054516,0,1,2,3,4
506146,0,1,2,3,4
603050,0,1,2,3,4
895222,0,1,2,3,4
434527,0,1,2,3,4
328954,0,1,2,3,4
144518,0,1,2,3,4
722159,0,1,2,3,4
77198,0,1,2,3,4
999475,0,1,2,3,4
237350,0,1,2,3,4
778807,0,1,2,3,4
346245,0,1,2,3,4
805241,0,1,2,3,4
143770,0,1,2,3,4
1110542,0,1,2,3,4
987479,0,1,2,3,4
745614,0,1,2,3,4
994661,0,1,2,3,4
1004365,0,1,2,3,4
933207,0,1,2,3,4
314645,0,1,2,3,4
1024080,0,1,2,3,4
8315,0,1,2,3,4
896707,0,1,2,3,4
137696,0,1,2,3,4
447289,0,1,2,3,4
1027549,0,1,2,3,4
464473,0,1,2,3,4
1133711,0,1,2,3,4
872527,0,1,2,3,4
351621,0,1,2,3,4
972611,0,1,2,3,4
803203,0,1,2,3,4
991850,0,1,2,3,4
355094,0,1,2,3,4
978104,0,1,2,3,4
322045,0,1,2,3,4
238465,0,1,2,3,4
61571,0,1,2,3,4
608184,0,1,2,3,4
220745,0,1,2,3,4
1129506,0,1,2,3,4
1026358,0,1,2,3,4
92019,0,1,2,3,4
192912,0,1,2,3,4
941722,0,1,2,3,4
268074,0,1,2,3,4
24349,0,1,2,3,4
134718,0,1,2,3,4
315562,0,1,2,3,4
232205,0,1,2,3,4
1005178,0,1,2,3,4
691747,0,1,2,3,4
727088,0,1,2,3,4
489304,0,1,2,3,4
170425,0,1,2,3,4
537261,0,1,2,3,4
915620,0,1,2,3,4
758740,0,1,2,3,4
458528,0,1,2,3,4
745414,0,1,2,3,4
917208,0,1,2,3,4
1003640,0,1,2,3,4
131632,0,1,2,3,4
226262,0,1,2,3,4
1000678,0,1,2,3,4
1123852,0,1,2,3,4
593442,0,1,2,3,4
962210,0,1,2,3,4
1031847,0,1,2,3,4
646441,0,1,2,3,4
828129,0,1,2,3,4
14114,0,1,2,3,4
314874,0,1,2,3,4
51551,0,1,2,3,4
513208,0,1,2,3,4
597946,0,1,2,3,4
739079,0,1,2,3,4
666344,0,1,2,3,4
956161,0,1,2,3,4
12695,0,1,2,3,4
497465,0,1,2,3,4
410292,0,1,2,3,4
1164875,0,1,2,3,4
769312,0,1,2,3,4
192490,0,1,2,3,4
300676,0,1,2,3,4
728072,0,1,2,3,4
146900,0,1,2,3,4
453834,0,1,2,3,4
913652,0,1,2,3,4
75307,0,1,2,3,4
817372,0,1,2,3,4
250725,0,1,2,3,4
1132355,0,1,2,3,4
565704,0,1,2,3,4
378420,0,1,2,3,4
891968,0,1,2,3,4
719651,0,1,2,3,4
555197,0,1,2,3,4
817604,0,1,2,3,4
856734,0,1,2,3,4
534126,0,1,2,3,4
838339,0,1,2,3,4
703031,0,1,2,3,4
943418,0,1,2,3,4
1134641,0,1,2,3,4
581754,0,1,2,3,4
655769,0,1,2,3,4
475099,0,1,2,3,4
18855,0,1,2,3,4
543646,0,1,2,3,4
628577,0,1,2,3,4
225226,0,1,2,3,4
300262,0,1,2,3,4
803648,0,1,2,3,4
465199,0,1,2,3,4
751276,0,1,2,3,4
416256,0,1,2,3,4
945515,0,1,2,3,4
97028,0,1,2,3,4
974276,0,1,2,3,4
1009730,0,1,2,3,4
713562,0,1,2,3,4
1177629,0,1,2,3,4
66025,0,1,2,3,4
77396,0,1,2,3,4
781994,0,1,2,3,4
408607,0,1,2,3,4
812935,0,1,2,3,4
971073,0,1,2,3,4
1117135,0,1,2,3,4
343749,0,1,2,3,4
578993,0,1,2,3,4
109231,0,1,2,3,4
1111573,0,1,2,3,4
1082540,0,1,2,3,4
1116324,0,1,2,3,4
527586,0,1,2,3,4
1048138,0,1,2,3,4
498603,0,1,2,3,4
319381,0,1,2,3,4
412595,0,1,2,3,4
707120,0,1,2,3,4
645469,0,1,2,3,4
640128,0,1,2,3,4
506066,0,1,2,3,4
1144270,0,1,2,3,4
678741,0,1,2,3,4
250826,0,1,2,3,4
122966,0,1,2,3,4
1038199,0,1,2,3,4
674541,0,1,2,3,4
439126,0,1,2,3,4
357543,0,1,2,3,4
143211,0,1,2,3,4
1176739,0,1,2,3,4
1004027,0,1,2,3,4
1137536,0,1,2,3,4
940548,0,1,2,3,4
266098,0,1,2,3,4
183761,0,1,2,3,4
451714,0,1,2,3,4
454972,0,1,2,3,4
707680,0,1,2,3,4
545976,0,1,2,3,4
519673,0,1,2,3,4
797477,0,1,2,3,4
81176,0,1,2,3,4
669034,0,1,2,3,4
647021,0,1,2,3,4
799975,0,1,2,3,4
961540,0,1,2,3,4
69433,0,1,2,3,4
477624,0,1,2,3,4
181748,0,1,2,3,4
198516,0,1,2,3,4
658623,0,1,2,3,4
79618,0,1,2,3,4
831385,0,1,2,3,4
60632,0,1,2,3,4
423387,0,1,2,3,4
272996,0,1,2,3,4
929053,0,1,2,3,4
260490,0,1,2,3,4
574640,0,1,2,3,4
1149865,0,1,2,3,4
552385,0,1,2,3,4
907583,0,1,2,3,4
322904,0,1,2,3,4
475537,0,1,2,3,4
521517,0,1,2,3,4
344277,0,1,2,3,4
238854,0,1,2,3,4
806901,0,1,2,3,4
1009444,0,1,2,3,4
864428,0,1,2,3,4
883139,0,1,2,3,4
1144023,0,1,2,3,4
332775,0,1,2,3,4
317166,0,1,2,3,4
702857,0,1,2,3,4
499946,0,1,2,3,4
294223,0,1,2,3,4
948754,0,1,2,3,4
889372,0,1,2,3,4
611576,0,1,2,3,4
392459,0,1,2,3,4
902272,0,1,2,3,4
439675,0,1,2,3,4
432871,0,1,2,3,4
6953,0,1,2,3,4
851312,0,1,2,3,4
649520,0,1,2,3,4
888704,0,1,2,3,4
273628,0,1,2,3,4
331934,0,1,2,3,4
787511,0,1,2,3,4
367445,0,1,2,3,4
81298,0,1,2,3,4
1073098,0,1,2,3,4
968780,0,1,2,3,4
329462,0,1,2,3,4
421585,0,1,2,3,4
1105015,0,1,2,3,4
439143,0,1,2,3,4
837503,0,1,2,3,4
925489,0,1,2,3,4
976912,0,1,2,3,4
1064422,0,1,2,3,4
861503,0,1,2,3,4
15769,0,1,2,3,4
20244,0,1,2,3,4
147450,0,1,2,3,4
967290,0,1,2,3,4
128257,0,1,2,3,4
1035669,0,1,2,3,4
341518,0,1,2,3,4
147435,0,1,2,3,4
376242,0,1,2,3,4
479965,0,1,2,3,4
1120953,0,1,2,3,4
425874,0,1,2,3,4
796646,0,1,2,3,4
301294,0,1,2,3,4
514015,0,1,2,3,4
115412,0,1,2,3,4
321376,0,1,2,3,4
347059,0,1,2,3,4
327063,0,1,2,3,4
963939,0,1,2,3,4
206925,0,1,2,3,4
1116285,0,1,2,3,4
1104899,0,1,2,3,4
1165893,0,1,2,3,4
640156,0,1,2,3,4
955168,0,1,2,3,4
98264,0,1,2,3,4
1058110,0,1,2,3,4
109213,0,1,2,3,4
917860,0,1,2,3,4
833993,0,1,2,3,4
309459,0,1,2,3,4
324937,0,1,2,3,4
979663,0,1,2,3,4
1092550,0,1,2,3,4
1059771,0,1,2,3,4
939134,0,1,2,3,4
1156333,0,1,2,3,4
879015,0,1,2,3,4
571393,0,1,2,3,4
533443,0,1,2,3,4
1163169,0,1,2,3,4
58799,0,1,2,3,4
341040,0,1,2,3,4
851409,0,1,2,3,4
737745,0,1,2,3,4
934432,0,1,2,3,4
1144380,0,1,2,3,4
712384,0,1,2,3,4
237851,0,1,2,3,4
388028,0,1,2,3,4
739912,0,1,2,3,4
677578,0,1,2,3,4
488541,0,1,2,3,4
21686,0,1,2,3,4
972901,0,1,2,3,4
56204,0,1,2,3,4
947660,0,1,2,3,4
49536,0,1,2,3,4
72209,0,1,2,3,4
752358,0,1,2,3,4
1009619,0,1,2,3,4
77284,0,1,2,3,4
388639,0,1,2,3,4
343879,0,1,2,3,4
314219,0,1,2,3,4
151557,0,1,2,3,4
545149,0,1,2,3,4
268878,0,1,2,3,4
212905,0,1,2,3,4
722703,0,1,2,3,4
1080442,0,1,2,3,4
865482,0,1,2,3,4
557859,0,1,2,3,4
359208,0,1,2,3,4
357473,0,1,2,3,4
1053702,0,1,2,3,4
556852,0,1,2,3,4
453385,0,1,2,3,4
1044490,0,1,2,3,4
998138,0,1,2,3,4
527172,0,1,2,3,4
560717,0,1,2,3,4
821069,0,1,2,3,4
331523,0,1,2,3,4
686647,0,1,2,3,4
38157,0,1,2,3,4
466213,0,1,2,3,4
663054,0,1,2,3,4
440866,0,1,2,3,4
277642,0,1,2,3,4
576654,0,1,2,3,4
851084,0,1,2,3,4
982299,0,1,2,3,4
1018203,0,1,2,3,4
159916,0,1,2,3,4
255148,0,1,2,3,4
1010719,0,1,2,3,4
1039968,0,1,2,3,4
658166,0,1,2,3,4
547415,0,1,2,3,4
936261,0,1,2,3,4
107600,0,1,2,3,4
610173,0,1,2,3,4
114060,0,1,2,3,4
1033618,0,1,2,3,4
1075861,0,1,2,3,4
48271,0,1,2,3,4
566224,0,1,2,3,4
701051,0,1,2,3,4
740773,0,1,2,3,4
395677,0,1,2,3,4
1109677,0,1,2,3,4
270157,0,1,2,3,4
130929,0,1,2,3,4
463998,0,1,2,3,4
435017,0,1,2,3,4
150037,0,1,2,3,4
358697,0,1,2,3,4
210035,0,1,2,3,4
232702,0,1,2,3,4
182716,0,1,2,3,4
674087,0,1,2,3,4
824029,0,1,2,3,4
594850,0,1,2,3,4
565775,0,1,2,3,4
1161630,0,1,2,3,4
958805,0,1,2,3,4
298274,0,1,2,3,4
774574,0,1,2,3,4
745276,0,1,2,3,4
499221,0,1,2,3,4
155867,0,1,2,3,4
968049,0,1,2,3,4
1133232,0,1,2,3,4
209195,0,1,2,3,4
430735,0,1,2,3,4
476069,0,1,2,3,4
476495,0,1,2,3,4
298639,0,1,2,3,4
852281,0,1,2,3,4
972623,0,1,2,3,4
421204,0,1,2,3,4
835810,0,1,2,3,4
445261,0,1,2,3,4
146602,0,1,2,3,4
367137,0,1,2,3,4
705049,0,1,2,3,4
370594,0,1,2,3,4
391335,0,1,2,3,4
206669,0,1,2,3,4
1055002,0,1,2,3,4
343116,0,1,2,3,4
262983,0,1,2,3,4
987579,0,1,2,3,4
657121,0,1,2,3,4
1051564,0,1,2,3,4
524517,0,1,2,3,4
401912,0,1,2,3,4
215486,0,1,2,3,4
1044354,0,1,2,3,4
513132,0,1,2,3,4
549003,0,1,2,3,4
1167038,0,1,2,3,4
780251,0,1,2,3,4
1081427,0,1,2,3,4
425058,0,1,2,3,4
1045432,0,1,2,3,4
521687,0,1,2,3,4
331102,0,1,2,3,4
711827,0,1,2,3,4
273862,0,1,2,3,4
1041319,0,1,2,3,4
964454,0,1,2,3,4
535056,0,1,2,3,4
265687,0,1,2,3,4
486406,0,1,2,3,4
1101988,0,1,2,3,4
211652,0,1,2,3,4
235055,0,1,2,3,4
323464,0,1,2,3,4
838497,0,1,2,3,4
1079348,0,1,2,3,4
529464,0,1,2,3,4
493186,0,1,2,3,4
738790,0,1,2,3,4
241210,0,1,2,3,4
751296,0,1,2,3,4
813100,0,1,2,3,4
180921,0,1,2,3,4
243388,0,1,2,3,4
760955,0,1,2,3,4
665345,0,1,2,3,4
245841,0,1,2,3,4
149558,0,1,2,3,4
493065,0,1,2,3,4
944049,0,1,2,3,4
655202,0,1,2,3,4
455954,0,1,2,3,4
1137773,0,1,2,3,4
1160257,0,1,2,3,4
520783,0,1,2,3,4
509123,0,1,2,3,4
124465,0,1,2,3,4
6516,0,1,2,3,4
752264,0,1,2,3,4
391864,0,1,2,3,4
818594,0,1,2,3,4
473802,0,1,2,3,4
584162,0,1,2,3,4
711933,0,1,2,3,4
830409,0,1,2,3,4
478385,0,1,2,3,4
259332,0,1,2,3,4
571257,0,1,2,3,4
511079,0,1,2,3,4
862000,0,1,2,3,4
438626,0,1,2,3,4
694612,0,1,2,3,4
132005,0,1,2,3,4
1049346,0,1,2,3,4
335967,0,1,2,3,4
769565,0,1,2,3,4
665950,0,1,2,3,4
995026,0,1,2,3,4
710352,0,1,2,3,4
892599,0,1,2,3,4
917684,0,1,2,3,4
130070,0,1,2,3,4
789590,0,1,2,3,4
10440,0,1,2,3,4
531911,0,1,2,3,4
836634,0,1,2,3,4
70591,0,1,2,3,4
692406,0,1,2,3,4
232410,0,1,2,3,4
1058907,0,1,2,3,4
629075,0,1,2,3,4
535571,0,1,2,3,4
517031,0,1,2,3,4
317899,0,1,2,3,4
844866,0,1,2,3,4
684863,0,1,2,3,4
877980,0,1,2,3,4
734044,0,1,2,3,4
361510,0,1,2,3,4
340321,0,1,2,3,4
1054694,0,1,2,3,4
405832,0,1,2,3,4
570637,0,1,2,3,4
878880,0,1,2,3,4
516590,0,1,2,3,4
689076,0,1,2,3,4
753245,0,1,2,3,4
686550,0,1,2,3,4
223418,0,1,2,3,4
1072025,0,1,2,3,4
195740,0,1,2,3,4
719730,0,1,2,3,4
1058670,0,1,2,3,4
1124597,0,1,2,3,4
236227,0,1,2,3,4
943156,0,1,2,3,4
1177378,0,1,2,3,4
617298,0,1,2,3,4
1051953,0,1,2,3,4
174404,0,1,2,3,4
579670,0,1,2,3,4
245762,0,1,2,3,4
1171505,0,1,2,3,4
780300,0,1,2,3,4
199757,0,1,2,3,4
525086,0,1,2,3,4
1095430,0,1,2,3,4
561792,0,1,2,3,4
381666,0,1,2,3,4
504924,0,1,2,3,4
1020358,0,1,2,3,4
723332,0,1,2,3,4
936677,0,1,2,3,4
345373,0,1,2,3,4
367301,0,1,2,3,4
285418,0,1,2,3,4
1056211,0,1,2,3,4
75799,0,1,2,3,4
846752,0,1,2,3,4
192018,0,1,2,3,4
438482,0,1,2,3,4
126122,0,1,2,3,4
541588,0,1,2,3,4
71149,0,1,2,3,4
334651,0,1,2,3,4
669550,0,1,2,3,4
747880,0,1,2,3,4
166730,0,1,2,3,4
1060060,0,1,2,3,4
265602,0,1,2,3,4
809533,0,1,2,3,4
419829,0,1,2,3,4
808692,0,1,2,3,4
641052,0,1,2,3,4
322102,0,1,2,3,4
1005187,0,1,2,3,4
160292,0,1,2,3,4
358681,0,1,2,3,4
203039,0,1,2,3,4
766542,0,1,2,3,4
161193,0,1,2,3,4
980530,0,1,2,3,4
936576,0,1,2,3,4
98678,0,1,2,3,4
394271,0,1,2,3,4
1025334,0,1,2,3,4
74076,0,1,2,3,4
963878,0,1,2,3,4
916849,0,1,2,3,4
1087659,0,1,2,3,4
751940,0,1,2,3,4
927178,0,1,2,3,4
1004020,0,1,2,3,4
933744,0,1,2,3,4
575611,0,1,2,3,4
606636,0,1,2,3,4
1113037,0,1,2,3,4
251469,0,1,2,3,4
300814,0,1,2,3,4
956034,0,1,2,3,4
673173,0,1,2,3,4
639839,0,1,2,3,4
317125,0,1,2,3,4
517478,0,1,2,3,4
681717,0,1,2,3,4
233613,0,1,2,3,4
1132564,0,1,2,3,4
413812,0,1,2,3,4
616885,0,1,2,3,4
821113,0,1,2,3,4
532390,0,1,2,3,4
571188,0,1,2,3,4
1082239,0,1,2,3,4
533310,0,1,2,3,4
224815,0,1,2,3,4
81187,0,1,2,3,4
86878,0,1,2,3,4
904618,0,1,2,3,4
816612,0,1,2,3,4
889666,0,1,2,3,4
185420,0,1,2,3,4
375787,0,1,2,3,4
518153,0,1,2,3,4
947164,0,1,2,3,4
805263,0,1,2,3,4
211456,0,1,2,3,4
773057,0,1,2,3,4
576476,0,1,2,3,4
128062,0,1,2,3,4
408059,0,1,2,3,4
1093339,0,1,2,3,4
129185,0,1,2,3,4
827779,0,1,2,3,4
625825,0,1,2,3,4
651731,0,1,2,3,4
130004,0,1,2,3,4
748687,0,1,2,3,4
215854,0,1,2,3,4
320918,0,1,2,3,4
47676,0,1,2,3,4
947189,0,1,2,3,4
636419,0,1,2,3,4
320910,0,1,2,3,4
289001,0,1,2,3,4
811657,0,1,2,3,4
863514,0,1,2,3,4
264985,0,1,2,3,4
252818,0,1,2,3,4
907261,0,1,2,3,4
850241,0,1,2,3,4
580505,0,1,2,3,4
1142290,0,1,2,3,4
418140,0,1,2,3,4
923709,0,1,2,3,4
845560,0,1,2,3,4
195027,0,1,2,3,4
511557,0,1,2,3,4
202020,0,1,2,3,4
210906,0,1,2,3,4
648571,0,1,2,3,4
196410,0,1,2,3,4
718738,0,1,2,3,4
234645,0,1,2,3,4
187060,0,1,2,3,4
883722,0,1,2,3,4
392313,0,1,2,3,4
1722,0,1,2,3,4
285303,0,1,2,3,4
386276,0,1,2,3,4
1166335,0,1,2,3,4
696592,0,1,2,3,4
1146027,0,1,2,3,4
256060,0,1,2,3,4
679184,0,1,2,3,4
1161134,0,1,2,3,4
443240,0,1,2,3,4
834119,0,1,2,3,4
687204,0,1,2,3,4
446465,0,1,2,3,4
1156384,0,1,2,3,4
1010869,0,1,2,3,4
722447,0,1,2,3,4
697974,0,1,2,3,4
251808,0,1,2,3,4
775116,0,1,2,3,4
777132,0,1,2,3,4
151982,0,1,2,3,4
484742,0,1,2,3,4
379210,0,1,2,3,4
539524,0,1,2,3,4
912531,0,1,2,3,4
1071464,0,1,2,3,4
934250,0,1,2,3,4
797519,0,1,2,3,4
872889,0,1,2,3,4
654264,0,1,2,3,4
878434,0,1,2,3,4
763556,0,1,2,3,4
53956,0,1,2,3,4
62907,0,1,2,3,4
286696,0,1,2,3,4
762384,0,1,2,3,4
55856,0,1,2,3,4
446024,0,1,2,3,4
209980,0,1,2,3,4
712502,0,1,2,3,4
794987,0,1,2,3,4
266574,0,1,2,3,4
640922,0,1,2,3,4
724651,0,1,2,3,4
487722,0,1,2,3,4
996544,0,1,2,3,4
400339,0,1,2,3,4
1149318,0,1,2,3,4
604051,0,1,2,3,4
644595,0,1,2,3,4
394788,0,1,2,3,4
800123,0,1,2,3,4
42496,0,1,2,3,4
767748,0,1,2,3,4
693972,0,1,2,3,4
486926,0,1,2,3,4
81135,0,1,2,3,4
919089,0,1,2,3,4
686410,0,1,2,3,4
1099950,0,1,2,3,4
324484,0,1,2,3,4
829853,0,1,2,3,4
908023,0,1,2,3,4
745938,0,1,2,3,4
1011576,0,1,2,3,4
793048,0,1,2,3,4
766517,0,1,2,3,4
859607,0,1,2,3,4
514491,0,1,2,3,4
730597,0,1,2,3,4
993928,0,1,2,3,4
143982,0,1,2,3,4
709356,0,1,2,3,4
581943,0,1,2,3,4
415287,0,1,2,3,4
828338,0,1,2,3,4
163341,0,1,2,3,4
763953,0,1,2,3,4
904039,0,1,2,3,4
448517,0,1,2,3,4
824589,0,1,2,3,4
975739,0,1,2,3,4
362347,0,1,2,3,4
397344,0,1,2,3,4
332564,0,1,2,3,4
33329,0,1,2,3,4
761828,0,1,2,3,4
571834,0,1,2,3,4
844875,0,1,2,3,4
957915,0,1,2,3,4
890577,0,1,2,3,4
675046,0,1,2,3,4
924366,0,1,2,3,4
1127953,0,1,2,3,4
807524,0,1,2,3,4
1073086,0,1,2,3,4
24467,0,1,2,3,4
834264,0,1,2,3,4
241590,0,1,2,3,4
98645,0,1,2,3,4
1132422,0,1,2,3,4
619737,0,1,2,3,4
1150021,0,1,2,3,4
840852,0,1,2,3,4
435478,0,1,2,3,4
1013760,0,1,2,3,4
853484,0,1,2,3,4
860733,0,1,2,3,4
690032,0,1,2,3,4
375010,0,1,2,3,4
282489,0,1,2,3,4
259611,0,1,2,3,4
588251,0,1,2,3,4
446103,0,1,2,3,4
473276,0,1,2,3,4
826202,0,1,2,3,4
722446,0,1,2,3,4
751156,0,1,2,3,4
63915,0,1,2,3,4
95562,0,1,2,3,4
348441,0,1,2,3,4
263927,0,1,2,3,4
533366,0,1,2,3,4
237486,0,1,2,3,4
946007,0,1,2,3,4
391521,0,1,2,3,4
125429,0,1,2,3,4
227270,0,1,2,3,4
131681,0,1,2,3,4
1100301,0,1,2,3,4
1070462,0,1,2,3,4
1130866,0,1,2,3,4
392746,0,1,2,3,4
1136305,0,1,2,3,4
284399,0,1,2,3,4
388281,0,1,2,3,4
229902,0,1,2,3,4
929145,0,1,2,3,4
56991,0,1,2,3,4
1009040,0,1,2,3,4
171847,0,1,2,3,4
899148,0,1,2,3,4
376793,0,1,2,3,4
490318,0,1,2,3,4
888579,0,1,2,3,4
570498,0,1,2,3,4
209958,0,1,2,3,4
52783,0,1,2,3,4
1097100,0,1,2,3,4
49625,0,1,2,3,4
1055839,0,1,2,3,4
1019736,0,1,2,3,4
115715,0,1,2,3,4
932769,0,1,2,3,4
19650,0,1,2,3,4
377253,0,1,2,3,4
207596,0,1,2,3,4
183148,0,1,2,3,4
591006,0,1,2,3,4
779349,0,1,2,3,4
600697,0,1,2,3,4
489427,0,1,2,3,4
954611,0,1,2,3,4
534030,0,1,2,3,4
73179,0,1,2,3,4
21647,0,1,2,3,4
584335,0,1,2,3,4
551112,0,1,2,3,4
64038,0,1,2,3,4
696500,0,1,2,3,4
243520,0,1,2,3,4
140275,0,1,2,3,4
1026057,0,1,2,3,4
494395,0,1,2,3,4
1083040,0,1,2,3,4
26464,0,1,2,3,4
1133900,0,1,2,3,4
901508,0,1,2,3,4
1028800,0,1,2,3,4
704421,0,1,2,3,4
310428,0,1,2,3,4
929953,0,1,2,3,4
989910,0,1,2,3,4
325537,0,1,2,3,4
209937,0,1,2,3,4
158477,0,1,2,3,4
1053789,0,1,2,3,4
137227,0,1,2,3,4
85598,0,1,2,3,4
828429,0,1,2,3,4
763080,0,1,2,3,4
350476,0,1,2,3,4
398625,0,1,2,3,4
1099923,0,1,2,3,4
308222,0,1,2,3,4
1056354,0,1,2,3,4
153796,0,1,2,3,4
153857,0,1,2,3,4
1104606,0,1,2,3,4
42368,0,1,2,3,4
840902,0,1,2,3,4
742352,0,1,2,3,4
1008687,0,1,2,3,4
255735,0,1,2,3,4
1175368,0,1,2,3,4
634010,0,1,2,3,4
10079,0,1,2,3,4
45113,0,1,2,3,4
358569,0,1,2,3,4
738563,0,1,2,3,4
769341,0,1,2,3,4
1151106,0,1,2,3,4
587919,0,1,2,3,4
1063887,0,1,2,3,4
642990,0,1,2,3,4
702449,0,1,2,3,4
639528,0,1,2,3,4
377674,0,1,2,3,4
630840,0,1,2,3,4
276534,0,1,2,3,4
360557,0,1,2,3,4
421523,0,1,2,3,4
144522,0,1,2,3,4
205721,0,1,2,3,4
524846,0,1,2,3,4
566873,0,1,2,3,4
859478,0,1,2,3,4
913970,0,1,2,3,4
988710,0,1,2,3,4
80417,0,1,2,3,4
633760,0,1,2,3,4
653203,0,1,2,3,4
1153132,0,1,2,3,4
75619,0,1,2,3,4
217579,0,1,2,3,4
618175,0,1,2,3,4
66201,0,1,2,3,4
611697,0,1,2,3,4
711811,0,1,2,3,4
589782,0,1,2,3,4
260455,0,1,2,3,4
706665,0,1,2,3,4
351226,0,1,2,3,4
211258,0,1,2,3,4
370872,0,1,2,3,4
573178,0,1,2,3,4
341621,0,1,2,3,4
471366,0,1,2,3,4
746746,0,1,2,3,4
411661,0,1,2,3,4
515344,0,1,2,3,4
955160,0,1,2,3,4
493641,0,1,2,3,4
69575,0,1,2,3,4
854277,0,1,2,3,4
569301,0,1,2,3,4
229449,0,1,2,3,4
869931,0,1,2,3,4
656877,0,1,2,3,4
1077703,0,1,2,3,4
246776,0,1,2,3,4
125075,0,1,2,3,4
556809,0,1,2,3,4
144257,0,1,2,3,4
838045,0,1,2,3,4
818670,0,1,2,3,4
639947,0,1,2,3,4
420175,0,1,2,3,4
968906,0,1,2,3,4
100848,0,1,2,3,4
1074985,0,1,2,3,4
75061,0,1,2,3,4
845775,0,1,2,3,4
781404,0,1,2,3,4
948975,0,1,2,3,4
85290,0,1,2,3,4
1035229,0,1,2,3,4
1043862,0,1,2,3,4
328225,0,1,2,3,4
491560,0,1,2,3,4
560285,0,1,2,3,4
1179446,0,1,2,3,4
562478,0,1,2,3,4
721946,0,1,2,3,4
1027606,0,1,2,3,4
1070288,0,1,2,3,4
871547,0,1,2,3,4
621620,0,1,2,3,4
549751,0,1,2,3,4
132808,0,1,2,3,4
512654,0,1,2,3,4
197716,0,1,2,3,4
422466,0,1,2,3,4
928607,0,1,2,3,4
114646,0,1,2,3,4
794663,0,1,2,3,4
1011511,0,1,2,3,4
418239,0,1,2,3,4
597038,0,1,2,3,4
802811,0,1,2,3,4
415025,0,1,2,3,4
551176,0,1,2,3,4
305679,0,1,2,3,4
668981,0,1,2,3,4
830722,0,1,2,3,4
361760,0,1,2,3,4
639035,0,1,2,3,4
1049652,0,1,2,3,4
1082303,0,1,2,3,4
1008494,0,1,2,3,4
489814,0,1,2,3,4
285829,0,1,2,3,4
974978,0,1,2,3,4
96383,0,1,2,3,4
390068,0,1,2,3,4
216287,0,1,2,3,4
871379,0,1,2,3,4
457033,0,1,2,3,4
388481,0,1,2,3,4
654937,0,1,2,3,4
826047,0,1,2,3,4
1021598,0,1,2,3,4
727854,0,1,2,3,4
776131,0,1,2,3,4
1070397,0,1,2,3,4
284054,0,1,2,3,4
85485,0,1,2,3,4
328509,0,1,2,3,4
323362,0,1,2,3,4
1024144,0,1,2,3,4
397681,0,1,2,3,4
264739,0,1,2,3,4
342428,0,1,2,3,4
243904,0,1,2,3,4
488427,0,1,2,3,4
845115,0,1,2,3,4
32887,0,1,2,3,4
183983,0,1,2,3,4
939902,0,1,2,3,4
54611,0,1,2,3,4
261585,0,1,2,3,4
287235,0,1,2,3,4
861059,0,1,2,3,4
300281,0,1,2,3,4
97082,0,1,2,3,4
226075,0,1,2,3,4
329607,0,1,2,3,4
398652,0,1,2,3,4
545858,0,1,2,3,4
464782,0,1,2,3,4
69847,0,1,2,3,4
684516,0,1,2,3,4
838338,0,1,2,3,4
883045,0,1,2,3,4
391572,0,1,2,3,4
815309,0,1,2,3,4
827722,0,1,2,3,4
5187,0,1,2,3,4
161900,0,1,2,3,4
841684,0,1,2,3,4
769328,0,1,2,3,4
661119,0,1,2,3,4
82781,0,1,2,3,4
1061742,0,1,2,3,4
1067437,0,1,2,3,4
1107334,0,1,2,3,4
1136599,0,1,2,3,4
1164254,0,1,2,3,4
444644,0,1,2,3,4
834694,0,1,2,3,4
391937,0,1,2,3,4
1060141,0,1,2,3,4
735961,0,1,2,3,4
327054,0,1,2,3,4
522395,0,1,2,3,4
179839,0,1,2,3,4
22003,0,1,2,3,4
33171,0,1,2,3,4
1050951,0,1,2,3,4
559414,0,1,2,3,4
242227,0,1,2,3,4
896989,0,1,2,3,4
780410,0,1,2,3,4
846586,0,1,2,3,4
798662,0,1,2,3,4
675969,0,1,2,3,4
912309,0,1,2,3,4
254287,0,1,2,3,4
122407,0,1,2,3,4
388004,0,1,2,3,4
262980,0,1,2,3,4
698976,0,1,2,3,4
386711,0,1,2,3,4
384099,0,1,2,3,4
733640,0,1,2,3,4
824172,0,1,2,3,4
633684,0,1,2,3,4
627429,0,1,2,3,4
147808,0,1,2,3,4
778020,0,1,2,3,4
960060,0,1,2,3,4
1071248,0,1,2,3,4
601949,0,1,2,3,4
557925,0,1,2,3,4
825039,0,1,2,3,4
1179281,0,1,2,3,4
775345,0,1,2,3,4
853752,0,1,2,3,4
914330,0,1,2,3,4
268348,0,1,2,3,4
788201,0,1,2,3,4
134049,0,1,2,3,4
399077,0,1,2,3,4
948998,0,1,2,3,4
577496,0,1,2,3,4
396980,0,1,2,3,4
568715,0,1,2,3,4
110852,0,1,2,3,4
203663,0,1,2,3,4
878684,0,1,2,3,4
853360,0,1,2,3,4
772900,0,1,2,3,4
608029,0,1,2,3,4
782891,0,1,2,3,4
455989,0,1,2,3,4
1082337,0,1,2,3,4
847945,0,1,2,3,4
925827,0,1,2,3,4
193938,0,1,2,3,4
627751,0,1,2,3,4
1173176,0,1,2,3,4
706056,0,1,2,3,4
800474,0,1,2,3,4
874063,0,1,2,3,4
637400,0,1,2,3,4
1138873,0,1,2,3,4
476284,0,1,2,3,4
1009962,0,1,2,3,4
1057557,0,1,2,3,4
6966,0,1,2,3,4
915238,0,1,2,3,4
122101,0,1,2,3,4
942935,0,1,2,3,4
1128356,0,1,2,3,4
243634,0,1,2,3,4
793492,0,1,2,3,4
1056589,0,1,2,3,4
237584,0,1,2,3,4
456125,0,1,2,3,4
87312,0,1,2,3,4
244790,0,1,2,3,4
687610,0,1,2,3,4
245754,0,1,2,3,4
1073060,0,1,2,3,4
222152,0,1,2,3,4
434699,0,1,2,3,4
1167580,0,1,2,3,4
1103802,0,1,2,3,4
486058,0,1,2,3,4
863653,0,1,2,3,4
816496,0,1,2,3,4
749740,0,1,2,3,4
1133392,0,1,2,3,4
798262,0,1,2,3,4
859907,0,1,2,3,4
383477,0,1,2,3,4
106956,0,1,2,3,4
616400,0,1,2,3,4
801618,0,1,2,3,4
342267,0,1,2,3,4
271181,0,1,2,3,4
526138,0,1,2,3,4
80056,0,1,2,3,4
1074911,0,1,2,3,4
786918,0,1,2,3,4
560193,0,1,2,3,4
83141,0,1,2,3,4
1127266,0,1,2,3,4
498756,0,1,2,3,4
997868,0,1,2,3,4
96282,0,1,2,3,4
210326,0,1,2,3,4
1023802,0,1,2,3,4
764870,0,1,2,3,4
880050,0,1,2,3,4
720869,0,1,2,3,4
1103237,0,1,2,3,4
1112572,0,1,2,3,4
1002794,0,1,2,3,4
774648,0,1,2,3,4
995525,0,1,2,3,4
651678,0,1,2,3,4
772483,0,1,2,3,4
570571,0,1,2,3,4
351887,0,1,2,3,4
613456,0,1,2,3,4
405913,0,1,2,3,4
1014883,0,1,2,3,4
33772,0,1,2,3,4
762075,0,1,2,3,4
720462,0,1,2,3,4
811718,0,1,2,3,4
88983,0,1,2,3,4
122970,0,1,2,3,4
966182,0,1,2,3,4
898683,0,1,2,3,4
1152954,0,1,2,3,4
553717,0,1,2,3,4
367345,0,1,2,3,4
581364,0,1,2,3,4
1003437,0,1,2,3,4
1100598,0,1,2,3,4
81166,0,1,2,3,4
3458,0,1,2,3,4
432636,0,1,2,3,4
1116865,0,1,2,3,4
718313,0,1,2,3,4
432529,0,1,2,3,4
1078525,0,1,2,3,4
723389,0,1,2,3,4
354581,0,1,2,3,4
706287,0,1,2,3,4
1144492,0,1,2,3,4
413527,0,1,2,3,4
195512,0,1,2,3,4
1120311,0,1,2,3,4
970047,0,1,2,3,4
162222,0,1,2,3,4
1167547,0,1,2,3,4
1061478,0,1,2,3,4
222823,0,1,2,3,4
10958,0,1,2,3,4
1006979,0,1,2,3,4
727790,0,1,2,3,4
407703,0,1,2,3,4
724760,0,1,2,3,4
563070,0,1,2,3,4
149233,0,1,2,3,4
964630,0,1,2,3,4
150628,0,1,2,3,4
783121,0,1,2,3,4
571113,0,1,2,3,4
1001302,0,1,2,3,4
660388,0,1,2,3,4
542515,0,1,2,3,4
298102,0,1,2,3,4
203271,0,1,2,3,4
551573,0,1,2,3,4
360788,0,1,2,3,4
201021,0,1,2,3,4
149948,0,1,2,3,4
213497,0,1,2,3,4
915583,0,1,2,3,4
617270,0,1,2,3,4
1162210,0,1,2,3,4
1092286,0,1,2,3,4
1175397,0,1,2,3,4
303375,0,1,2,3,4
459033,0,1,2,3,4
2497,0,1,2,3,4
948785,0,1,2,3,4
472665,0,1,2,3,4
64985,0,1,2,3,4
1092350,0,1,2,3,4
787304,0,1,2,3,4
601169,0,1,2,3,4
785570,0,1,2,3,4
1141661,0,1,2,3,4
852809,0,1,2,3,4
890152,0,1,2,3,4
1002865,0,1,2,3,4
1088322,0,1,2,3,4
281611,0,1,2,3,4
1046786,0,1,2,3,4
878381,0,1,2,3,4
232220,0,1,2,3,4
652066,0,1,2,3,4
797039,0,1,2,3,4
491135,0,1,2,3,4
179969,0,1,2,3,4
761775,0,1,2,3,4
975086,0,1,2,3,4
267805,0,1,2,3,4
910099,0,1,2,3,4
793038,0,1,2,3,4
446121,0,1,2,3,4
505221,0,1,2,3,4
103597,0,1,2,3,4
567237,0,1,2,3,4
347830,0,1,2,3,4
461447,0,1,2,3,4
769849,0,1,2,3,4
218104,0,1,2,3,4
192088,0,1,2,3,4
179729,0,1,2,3,4
818094,0,1,2,3,4
634575,0,1,2,3,4
612804,0,1,2,3,4
671829,0,1,2,3,4
619153,0,1,2,3,4
137585,0,1,2,3,4
716784,0,1,2,3,4
325407,0,1,2,3,4
612047,0,1,2,3,4
441376,0,1,2,3,4
280410,0,1,2,3,4
920515,0,1,2,3,4
831888,0,1,2,3,4
47473,0,1,2,3,4
536607,0,1,2,3,4
850552,0,1,2,3,4
1089213,0,1,2,3,4
193047,0,1,2,3,4
844653,0,1,2,3,4
144069,0,1,2,3,4
583238,0,1,2,3,4
239293,0,1,2,3,4
332385,0,1,2,3,4
899136,0,1,2,3,4
745678,0,1,2,3,4
200763,0,1,2,3,4
647707,0,1,2,3,4
131021,0,1,2,3,4
4567,0,1,2,3,4
471221,0,1,2,3,4
352202,0,1,2,3,4
230715,0,1,2,3,4
744093,0,1,2,3,4
1037391,0,1,2,3,4
381695,0,1,2,3,4
745444,0,1,2,3,4
1139221,0,1,2,3,4
963986,0,1,2,3,4
95410,0,1,2,3,4
977282,0,1,2,3,4
949589,0,1,2,3,4
1137471,0,1,2,3,4
863261,0,1,2,3,4
928564,0,1,2,3,4
1168321,0,1,2,3,4
257385,0,1,2,3,4
1089821,0,1,2,3,4
475737,0,1,2,3,4
1007089,0,1,2,3,4
976180,0,1,2,3,4
1080334,0,1,2,3,4
175545,0,1,2,3,4
342053,0,1,2,3,4
756719,0,1,2,3,4
991519,0,1,2,3,4
342921,0,1,2,3,4
752189,0,1,2,3,4
65930,0,1,2,3,4
552901,0,1,2,3,4
85936,0,1,2,3,4
446832,0,1,2,3,4
439453,0,1,2,3,4
279515,0,1,2,3,4
268674,0,1,2,3,4
29583,0,1,2,3,4
1139730,0,1,2,3,4
803574,0,1,2,3,4
875206,0,1,2,3,4
953061,0,1,2,3,4
1055919,0,1,2,3,4
922821,0,1,2,3,4
452411,0,1,2,3,4
1074579,0,1,2,3,4
380593,0,1,2,3,4
820031,0,1,2,3,4
500372,0,1,2,3,4
834239,0,1,2,3,4
836478,0,1,2,3,4
637075,0,1,2,3,4
1098962,0,1,2,3,4
944684,0,1,2,3,4
436718,0,1,2,3,4
1114762,0,1,2,3,4
949248,0,1,2,3,4
878881,0,1,2,3,4
402254,0,1,2,3,4
123779,0,1,2,3,4
882965,0,1,2,3,4
191406,0,1,2,3,4
61796,0,1,2,3,4
1092560,0,1,2,3,4
260230,0,1,2,3,4
528419,0,1,2,3,4
932488,0,1,2,3,4
841309,0,1,2,3,4
233508,0,1,2,3,4
1064405,0,1,2,3,4
783173,0,1,2,3,4
383209,0,1,2,3,4
1166053,0,1,2,3,4
303893,0,1,2,3,4
263543,0,1,2,3,4
242507,0,1,2,3,4
652001,0,1,2,3,4
264447,0,1,2,3,4
1099168,0,1,2,3,4
142419,0,1,2,3,4
142568,0,1,2,3,4
354746,0,1,2,3,4
707851,0,1,2,3,4
949685,0,1,2,3,4
771450,0,1,2,3,4
354771,0,1,2,3,4
937579,0,1,2,3,4
336182,0,1,2,3,4
444995,0,1,2,3,4
55192,0,1,2,3,4
193468,0,1,2,3,4
970147,0,1,2,3,4
150299,0,1,2,3,4
165073,0,1,2,3,4
700557,0,1,2,3,4
514387,0,1,2,3,4
111273,0,1,2,3,4
1049037,0,1,2,3,4
446487,0,1,2,3,4
224960,0,1,2,3,4
658915,0,1,2,3,4
890182,0,1,2,3,4
966852,0,1,2,3,4
969605,0,1,2,3,4
846154,0,1,2,3,4
800198,0,1,2,3,4
882331,0,1,2,3,4
1134630,0,1,2,3,4
884004,0,1,2,3,4
346388,0,1,2,3,4
317150,0,1,2,3,4
407574,0,1,2,3,4
179801,0,1,2,3,4
149770,0,1,2,3,4
135746,0,1,2,3,4
148346,0,1,2,3,4
154279,0,1,2,3,4
323847,0,1,2,3,4
1039060,0,1,2,3,4
648928,0,1,2,3,4
102787,0,1,2,3,4
427617,0,1,2,3,4
677612,0,1,2,3,4
716947,0,1,2,3,4
107904,0,1,2,3,4
392209,0,1,2,3,4
974618,0,1,2,3,4
590261,0,1,2,3,4
557877,0,1,2,3,4
1124359,0,1,2,3,4
857167,0,1,2,3,4
694014,0,1,2,3,4
999132,0,1,2,3,4
684302,0,1,2,3,4
168470,0,1,2,3,4
108974,0,1,2,3,4
527886,0,1,2,3,4
1105554,0,1,2,3,4
656164,0,1,2,3,4
784634,0,1,2,3,4
1153193,0,1,2,3,4
1031923,0,1,2,3,4
1083499,0,1,2,3,4
455319,0,1,2,3,4
90330,0,1,2,3,4
115940,0,1,2,3,4
994556,0,1,2,3,4
729023,0,1,2,3,4
253112,0,1,2,3,4
749068,0,1,2,3,4
922730,0,1,2,3,4
162059,0,1,2,3,4
616926,0,1,2,3,4
688172,0,1,2,3,4
905597,0,1,2,3,4
1079120,0,1,2,3,4
550088,0,1,2,3,4
50343,0,1,2,3,4
954226,0,1,2,3,4
14782,0,1,2,3,4
52106,0,1,2,3,4
952663,0,1,2,3,4
539327,0,1,2,3,4
1109908,0,1,2,3,4
1145316,0,1,2,3,4
754208,0,1,2,3,4
485629,0,1,2,3,4
691416,0,1,2,3,4
387160,0,1,2,3,4
650957,0,1,2,3,4
1137354,0,1,2,3,4
1111763,0,1,2,3,4
414634,0,1,2,3,4
674561,0,1,2,3,4
48628,0,1,2,3,4
241148,0,1,2,3,4
71410,0,1,2,3,4
45164,0,1,2,3,4
490968,0,1,2,3,4
949564,0,1,2,3,4
1047707,0,1,2,3,4
1045807,0,1,2,3,4
537013,0,1,2,3,4
825759,0,1,2,3,4
647810,0,1,2,3,4
847172,0,1,2,3,4
899247,0,1,2,3,4
836829,0,1,2,3,4
480362,0,1,2,3,4
668307,0,1,2,3,4
1078320,0,1,2,3,4
532763,0,1,2,3,4
420089,0,1,2,3,4
636621,0,1,2,3,4
903432,0,1,2,3,4
1119132,0,1,2,3,4
425958,0,1,2,3,4
671527,0,1,2,3,4
343109,0,1,2,3,4
791286,0,1,2,3,4
255853,0,1,2,3,4
765893,0,1,2,3,4
506036,0,1,2,3,4
619786,0,1,2,3,4
870802,0,1,2,3,4
591555,0,1,2,3,4
425269,0,1,2,3,4
396717,0,1,2,3,4
638049,0,1,2,3,4
881218,0,1,2,3,4
199121,0,1,2,3,4
253043,0,1,2,3,4
597215,0,1,2,3,4
279648,0,1,2,3,4
418416,0,1,2,3,4
901213,0,1,2,3,4
1064130,0,1,2,3,4
611710,0,1,2,3,4
737071,0,1,2,3,4
365095,0,1,2,3,4
603139,0,1,2,3,4
357420,0,1,2,3,4
466845,0,1,2,3,4
937726,0,1,2,3,4
256349,0,1,2,3,4
392016,0,1,2,3,4
470620,0,1,2,3,4
1099932,0,1,2,3,4
1044300,0,1,2,3,4
459527,0,1,2,3,4
565588,0,1,2,3,4
1100245,0,1,2,3,4
868575,0,1,2,3,4
53624,0,1,2,3,4
401388,0,1,2,3,4
869445,0,1,2,3,4
597696,0,1,2,3,4
1001144,0,1,2,3,4
693935,0,1,2,3,4
1024460,0,1,2,3,4
867790,0,1,2,3,4
1100228,0,1,2,3,4
625884,0,1,2,3,4
483570,0,1,2,3,4
601942,0,1,2,3,4
83882,0,1,2,3,4
243678,0,1,2,3,4
241325,0,1,2,3,4
139830,0,1,2,3,4
883029,0,1,2,3,4
837334,0,1,2,3,4
474216,0,1,2,3,4
630438,0,1,2,3,4
936212,0,1,2,3,4
211418,0,1,2,3,4
914497,0,1,2,3,4
349263,0,1,2,3,4
1128990,0,1,2,3,4
935421,0,1,2,3,4
143576,0,1,2,3,4
747083,0,1,2,3,4
990983,0,1,2,3,4
715904,0,1,2,3,4
722550,0,1,2,3,4
871475,0,1,2,3,4
212775,0,1,2,3,4
756408,0,1,2,3,4
1053939,0,1,2,3,4
241571,0,1,2,3,4
448414,0,1,2,3,4
1122745,0,1,2,3,4
407322,0,1,2,3,4
270280,0,1,2,3,4
859838,0,1,2,3,4
130997,0,1,2,3,4
301389,0,1,2,3,4
1053122,0,1,2,3,4
1084055,0,1,2,3,4
455902,0,1,2,3,4
80334,0,1,2,3,4
215019,0,1,2,3,4
263338,0,1,2,3,4
140951,0,1,2,3,4
850754,0,1,2,3,4
489621,0,1,2,3,4
127320,0,1,2,3,4
870809,0,1,2,3,4
48812,0,1,2,3,4
1007960,0,1,2,3,4
448070,0,1,2,3,4
468327,0,1,2,3,4
100177,0,1,2,3,4
266341,0,1,2,3,4
781631,0,1,2,3,4
89949,0,1,2,3,4
141945,0,1,2,3,4
28854,0,1,2,3,4
951899,0,1,2,3,4
814456,0,1,2,3,4
1165879,0,1,2,3,4
132480,0,1,2,3,4
314992,0,1,2,3,4
746084,0,1,2,3,4
1057901,0,1,2,3,4
446307,0,1,2,3,4
627833,0,1,2,3,4
454431,0,1,2,3,4
365900,0,1,2,3,4
17391,0,1,2,3,4
155837,0,1,2,3,4
274760,0,1,2,3,4
708923,0,1,2,3,4
895455,0,1,2,3,4
1168727,0,1,2,3,4
726329,0,1,2,3,4
779168,0,1,2,3,4
480364,0,1,2,3,4
800950,0,1,2,3,4
497491,0,1,2,3,4
328716,0,1,2,3,4
27360,0,1,2,3,4
1004975,0,1,2,3,4
1055890,0,1,2,3,4
527191,0,1,2,3,4
688526,0,1,2,3,4
656505,0,1,2,3,4
771860,0,1,2,3,4
861225,0,1,2,3,4
1060353,0,1,2,3,4
350133,0,1,2,3,4
262824,0,1,2,3,4
226168,0,1,2,3,4
439914,0,1,2,3,4
828233,0,1,2,3,4
573251,0,1,2,3,4
672397,0,1,2,3,4
317794,0,1,2,3,4
266211,0,1,2,3,4
986262,0,1,2,3,4
134450,0,1,2,3,4
1048340,0,1,2,3,4
442361,0,1,2,3,4
749524,0,1,2,3,4
1108831,0,1,2,3,4
82996,0,1,2,3,4
906278,0,1,2,3,4
3915,0,1,2,3,4
338581,0,1,2,3,4
314711,0,1,2,3,4
334329,0,1,2,3,4
1018763,0,1,2,3,4
152067,0,1,2,3,4
989167,0,1,2,3,4
691794,0,1,2,3,4
571139,0,1,2,3,4
549938,0,1,2,3,4
671352,0,1,2,3,4
580982,0,1,2,3,4
192036,0,1,2,3,4
967333,0,1,2,3,4
135531,0,1,2,3,4
446031,0,1,2,3,4
113551,0,1,2,3,4
1072340,0,1,2,3,4
318213,0,1,2,3,4
1004905,0,1,2,3,4
429957,0,1,2,3,4
717378,0,1,2,3,4
988942,0,1,2,3,4
499130,0,1,2,3,4
94953,0,1,2,3,4
748966,0,1,2,3,4
607501,0,1,2,3,4
435104,0,1,2,3,4
110249,0,1,2,3,4
1035757,0,1,2,3,4
553917,0,1,2,3,4
537115,0,1,2,3,4
134713,0,1,2,3,4
584398,0,1,2,3,4
1152765,0,1,2,3,4
8106,0,1,2,3,4
587875,0,1,2,3,4
1160625,0,1,2,3,4
745891,0,1,2,3,4
437221,0,1,2,3,4
630612,0,1,2,3,4
915006,0,1,2,3,4
891399,0,1,2,3,4
173747,0,1,2,3,4
38178,0,1,2,3,4
1112245,0,1,2,3,4
383326,0,1,2,3,4
86959,0,1,2,3,4
972534,0,1,2,3,4
222931,0,1,2,3,4
199930,0,1,2,3,4
87440,0,1,2,3,4
721543,0,1,2,3,4
300823,0,1,2,3,4
191218,0,1,2,3,4
1095675,0,1,2,3,4
499578,0,1,2,3,4
667574,0,1,2,3,4
377427,0,1,2,3,4
392100,0,1,2,3,4
548007,0,1,2,3,4
567444,0,1,2,3,4
569524,0,1,2,3,4
341281,0,1,2,3,4
726476,0,1,2,3,4
262114,0,1,2,3,4
927492,0,1,2,3,4
1212,0,1,2,3,4
544191,0,1,2,3,4
64614,0,1,2,3,4
1138388,0,1,2,3,4
251062,0,1,2,3,4
835336,0,1,2,3,4
946873,0,1,2,3,4
70143,0,1,2,3,4
891759,0,1,2,3,4
752446,0,1,2,3,4
800180,0,1,2,3,4
1014732,0,1,2,3,4
708936,0,1,2,3,4
1113039,0,1,2,3,4
685652,0,1,2,3,4
1102968,0,1,2,3,4
942371,0,1,2,3,4
505315,0,1,2,3,4
501967,0,1,2,3,4
582063,0,1,2,3,4
336714,0,1,2,3,4
1083228,0,1,2,3,4
498270,0,1,2,3,4
658450,0,1,2,3,4
655961,0,1,2,3,4
56021,0,1,2,3,4
561777,0,1,2,3,4
1094741,0,1,2,3,4
999101,0,1,2,3,4
10127,0,1,2,3,4
78445,0,1,2,3,4
493459,0,1,2,3,4
661189,0,1,2,3,4
814339,0,1,2,3,4
137173,0,1,2,3,4
795248,0,1,2,3,4
917385,0,1,2,3,4
774683,0,1,2,3,4
721562,0,1,2,3,4
111210,0,1,2,3,4
226202,0,1,2,3,4
290073,0,1,2,3,4
812645,0,1,2,3,4
340764,0,1,2,3,4
140617,0,1,2,3,4
709684,0,1,2,3,4
757277,0,1,2,3,4
666583,0,1,2,3,4
562913,0,1,2,3,4
720750,0,1,2,3,4
681685,0,1,2,3,4
692679,0,1,2,3,4
58535,0,1,2,3,4
357181,0,1,2,3,4
747107,0,1,2,3,4
1023398,0,1,2,3,4
755222,0,1,2,3,4
425741,0,1,2,3,4
233585,0,1,2,3,4
509326,0,1,2,3,4
135120,0,1,2,3,4
1143860,0,1,2,3,4
64573,0,1,2,3,4
644036,0,1,2,3,4
763109,0,1,2,3,4
469721,0,1,2,3,4
1165290,0,1,2,3,4
583386,0,1,2,3,4
1014704,0,1,2,3,4
746035,0,1,2,3,4
239234,0,1,2,3,4
214541,0,1,2,3,4
734672,0,1,2,3,4
934870,0,1,2,3,4
174447,0,1,2,3,4
112509,0,1,2,3,4
978317,0,1,2,3,4
540007,0,1,2,3,4
516620,0,1,2,3,4
558623,0,1,2,3,4
696554,0,1,2,3,4
92696,0,1,2,3,4
120580,0,1,2,3,4
705423,0,1,2,3,4
1131529,0,1,2,3,4
545466,0,1,2,3,4
261502,0,1,2,3,4
387019,0,1,2,3,4
472010,0,1,2,3,4
548352,0,1,2,3,4
86480,0,1,2,3,4
546523,0,1,2,3,4
523862,0,1,2,3,4
781771,0,1,2,3,4
229174,0,1,2,3,4
624814,0,1,2,3,4
1091499,0,1,2,3,4
65559,0,1,2,3,4
283347,0,1,2,3,4
10346,0,1,2,3,4
1059226,0,1,2,3,4
962995,0,1,2,3,4
161732,0,1,2,3,4
783962,0,1,2,3,4
131491,0,1,2,3,4
438175,0,1,2,3,4
112456,0,1,2,3,4
225481,0,1,2,3,4
858987,0,1,2,3,4
1085510,0,1,2,3,4
137158,0,1,2,3,4
181535,0,1,2,3,4
348978,0,1,2,3,4
516811,0,1,2,3,4
718042,0,1,2,3,4
620864,0,1,2,3,4
548198,0,1,2,3,4
863868,0,1,2,3,4
734694,0,1,2,3,4
1062672,0,1,2,3,4
761415,0,1,2,3,4
1078025,0,1,2,3,4
262962,0,1,2,3,4
1160055,0,1,2,3,4
310701,0,1,2,3,4
131797,0,1,2,3,4
778041,0,1,2,3,4
304682,0,1,2,3,4
1088037,0,1,2,3,4
937753,0,1,2,3,4
84030,0,1,2,3,4
841016,0,1,2,3,4
361438,0,1,2,3,4
88025,0,1,2,3,4
567997,0,1,2,3,4
345378,0,1,2,3,4
398537,0,1,2,3,4
68150,0,1,2,3,4
455944,0,1,2,3,4
239777,0,1,2,3,4
1070642,0,1,2,3,4
1059043,0,1,2,3,4
253520,0,1,2,3,4
1008927,0,1,2,3,4
391312,0,1,2,3,4
1179565,0,1,2,3,4
275390,0,1,2,3,4
202778,0,1,2,3,4
1002355,0,1,2,3,4
663635,0,1,2,3,4
219708,0,1,2,3,4
720129,0,1,2,3,4
260218,0,1,2,3,4
290309,0,1,2,3,4
1176454,0,1,2,3,4
691477,0,1,2,3,4
634424,0,1,2,3,4
789441,0,1,2,3,4
133655,0,1,2,3,4
619547,0,1,2,3,4
175857,0,1,2,3,4
639202,0,1,2,3,4
512096,0,1,2,3,4
404988,0,1,2,3,4
754033,0,1,2,3,4
565766,0,1,2,3,4
266063,0,1,2,3,4
63807,0,1,2,3,4
142742,0,1,2,3,4
411321,0,1,2,3,4
524486,0,1,2,3,4
362810,0,1,2,3,4
3234,0,1,2,3,4
275154,0,1,2,3,4
213575,0,1,2,3,4
32701,0,1,2,3,4
611411,0,1,2,3,4
565879,0,1,2,3,4
346266,0,1,2,3,4
784828,0,1,2,3,4
775833,0,1,2,3,4
716349,0,1,2,3,4
255988,0,1,2,3,4
330223,0,1,2,3,4
1053891,0,1,2,3,4
92135,0,1,2,3,4
381078,0,1,2,3,4
183292,0,1,2,3,4
578304,0,1,2,3,4
1025289,0,1,2,3,4
231559,0,1,2,3,4
846456,0,1,2,3,4
608080,0,1,2,3,4
10531,0,1,2,3,4
526338,0,1,2,3,4
210598,0,1,2,3,4
681814,0,1,2,3,4
384583,0,1,2,3,4
226359,0,1,2,3,4
132277,0,1,2,3,4
154783,0,1,2,3,4
1052393,0,1,2,3,4
632370,0,1,2,3,4
233964,0,1,2,3,4
596005,0,1,2,3,4
620403,0,1,2,3,4
78853,0,1,2,3,4
987133,0,1,2,3,4
106647,0,1,2,3,4
722899,0,1,2,3,4
669249,0,1,2,3,4
1127431,0,1,2,3,4
17440,0,1,2,3,4
739074,0,1,2,3,4
974819,0,1,2,3,4
708998,0,1,2,3,4
807344,0,1,2,3,4
656979,0,1,2,3,4
769014,0,1,2,3,4
591650,0,1,2,3,4
591019,0,1,2,3,4
58907,0,1,2,3,4
598512,0,1,2,3,4
685873,0,1,2,3,4
175004,0,1,2,3,4
680433,0,1,2,3,4
870847,0,1,2,3,4
75795,0,1,2,3,4
525655,0,1,2,3,4
105414,0,1,2,3,4
913404,0,1,2,3,4
250287,0,1,2,3,4
968701,0,1,2,3,4
692709,0,1,2,3,4
504138,0,1,2,3,4
43875,0,1,2,3,4
87532,0,1,2,3,4
743091,0,1,2,3,4
761965,0,1,2,3,4
838521,0,1,2,3,4
889838,0,1,2,3,4
872996,0,1,2,3,4
790615,0,1,2,3,4
897212,0,1,2,3,4
934663,0,1,2,3,4
84504,0,1,2,3,4
952028,0,1,2,3,4
849669,0,1,2,3,4
1019626,0,1,2,3,4
415847,0,1,2,3,4
507888,0,1,2,3,4
450221,0,1,2,3,4
1085490,0,1,2,3,4
807430,0,1,2,3,4
31357,0,1,2,3,4
905773,0,1,2,3,4
930163,0,1,2,3,4
557303,0,1,2,3,4
986917,0,1,2,3,4
174078,0,1,2,3,4
1009528,0,1,2,3,4
494587,0,1,2,3,4
262646,0,1,2,3,4
516017,0,1,2,3,4
235920,0,1,2,3,4
873352,0,1,2,3,4
628285,0,1,2,3,4
715339,0,1,2,3,4
423629,0,1,2,3,4
307611,0,1,2,3,4
653950,0,1,2,3,4
323702,0,1,2,3,4
311169,0,1,2,3,4
1010209,0,1,2,3,4
312766,0,1,2,3,4
949995,0,1,2,3,4
295081,0,1,2,3,4
794163,0,1,2,3,4
217892,0,1,2,3,4
831803,0,1,2,3,4
975449,0,1,2,3,4
277195,0,1,2,3,4
43737,0,1,2,3,4
8053,0,1,2,3,4
954461,0,1,2,3,4
568137,0,1,2,3,4
271627,0,1,2,3,4
1157738,0,1,2,3,4
109266,0,1,2,3,4
733332,0,1,2,3,4
374530,0,1,2,3,4
726051,0,1,2,3,4
412873,0,1,2,3,4
154566,0,1,2,3,4
397563,0,1,2,3,4
16218,0,1,2,3,4
630709,0,1,2,3,4
453991,0,1,2,3,4
894050,0,1,2,3,4
716491,0,1,2,3,4
400574,0,1,2,3,4
890578,0,1,2,3,4
919749,0,1,2,3,4
358021,0,1,2,3,4
133142,0,1,2,3,4
366649,0,1,2,3,4
1006810,0,1,2,3,4
285805,0,1,2,3,4
791010,0,1,2,3,4
1103952,0,1,2,3,4
116239,0,1,2,3,4
961308,0,1,2,3,4
733439,0,1,2,3,4
946686,0,1,2,3,4
27696,0,1,2,3,4
355876,0,1,2,3,4
981626,0,1,2,3,4
10669,0,1,2,3,4
763042,0,1,2,3,4
902395,0,1,2,3,4
622311,0,1,2,3,4
747167,0,1,2,3,4
991212,0,1,2,3,4
961572,0,1,2,3,4
238362,0,1,2,3,4
882096,0,1,2,3,4
363977,0,1,2,3,4
58669,0,1,2,3,4
1087620,0,1,2,3,4
463437,0,1,2,3,4
923522,0,1,2,3,4
438697,0,1,2,3,4
807310,0,1,2,3,4
872789,0,1,2,3,4
907525,0,1,2,3,4
373623,0,1,2,3,4
967285,0,1,2,3,4
626628,0,1,2,3,4
977950,0,1,2,3,4
914138,0,1,2,3,4
191415,0,1,2,3,4
291003,0,1,2,3,4
98389,0,1,2,3,4
983551,0,1,2,3,4
1036960,0,1,2,3,4
677443,0,1,2,3,4
753505,0,1,2,3,4
422247,0,1,2,3,4
646543,0,1,2,3,4
359690,0,1,2,3,4
344116,0,1,2,3,4
494326,0,1,2,3,4
905211,0,1,2,3,4
906555,0,1,2,3,4
624066,0,1,2,3,4
189446,0,1,2,3,4
56671,0,1,2,3,4
738994,0,1,2,3,4
526882,0,1,2,3,4
508874,0,1,2,3,4
965021,0,1,2,3,4
1162385,0,1,2,3,4
856088,0,1,2,3,4
319296,0,1,2,3,4
188076,0,1,2,3,4
834252,0,1,2,3,4
481049,0,1,2,3,4
664681,0,1,2,3,4
226092,0,1,2,3,4
901947,0,1,2,3,4
364674,0,1,2,3,4
516511,0,1,2,3,4
83754,0,1,2,3,4
608021,0,1,2,3,4
273660,0,1,2,3,4
286109,0,1,2,3,4
1024442,0,1,2,3,4
443241,0,1,2,3,4
49764,0,1,2,3,4
702487,0,1,2,3,4
195752,0,1,2,3,4
875435,0,1,2,3,4
280578,0,1,2,3,4
351439,0,1,2,3,4
547053,0,1,2,3,4
1165265,0,1,2,3,4
975886,0,1,2,3,4
104763,0,1,2,3,4
554460,0,1,2,3,4
518835,0,1,2,3,4
643191,0,1,2,3,4
74084,0,1,2,3,4
919612,0,1,2,3,4
194375,0,1,2,3,4
880406,0,1,2,3,4
751691,0,1,2,3,4
153389,0,1,2,3,4
602980,0,1,2,3,4
477345,0,1,2,3,4
275541,0,1,2,3,4
850968,0,1,2,3,4
512916,0,1,2,3,4
138266,0,1,2,3,4
323418,0,1,2,3,4
563472,0,1,2,3,4
94076,0,1,2,3,4
422445,0,1,2,3,4
1116229,0,1,2,3,4
493951,0,1,2,3,4
845118,0,1,2,3,4
963008,0,1,2,3,4
1092341,0,1,2,3,4
651493,0,1,2,3,4
343125,0,1,2,3,4
1165683,0,1,2,3,4
480582,0,1,2,3,4
1005849,0,1,2,3,4
795411,0,1,2,3,4
531659,0,1,2,3,4
997111,0,1,2,3,4
403688,0,1,2,3,4
868946,0,1,2,3,4
421366,0,1,2,3,4
949562,0,1,2,3,4
811743,0,1,2,3,4
726588,0,1,2,3,4
47393,0,1,2,3,4
39392,0,1,2,3,4
1139424,0,1,2,3,4
722521,0,1,2,3,4
1046326,0,1,2,3,4
653702,0,1,2,3,4
970480,0,1,2,3,4
8237,0,1,2,3,4
665585,0,1,2,3,4
327671,0,1,2,3,4
14896,0,1,2,3,4
192543,0,1,2,3,4
88040,0,1,2,3,4
882972,0,1,2,3,4
611310,0,1,2,3,4
1153166,0,1,2,3,4
955896,0,1,2,3,4
412472,0,1,2,3,4
426628,0,1,2,3,4
95231,0,1,2,3,4
943708,0,1,2,3,4
140137,0,1,2,3,4
1118270,0,1,2,3,4
42408,0,1,2,3,4
975119,0,1,2,3,4
737223,0,1,2,3,4
882080,0,1,2,3,4
1025614,0,1,2,3,4
742026,0,1,2,3,4
436223,0,1,2,3,4
850578,0,1,2,3,4
721431,0,1,2,3,4
107073,0,1,2,3,4
1020192,0,1,2,3,4
621159,0,1,2,3,4
1163596,0,1,2,3,4
472333,0,1,2,3,4
56612,0,1,2,3,4
391396,0,1,2,3,4
1011437,0,1,2,3,4
136913,0,1,2,3,4
1025924,0,1,2,3,4
976667,0,1,2,3,4
42507,0,1,2,3,4
1029684,0,1,2,3,4
659701,0,1,2,3,4
897243,0,1,2,3,4
87148,0,1,2,3,4
916958,0,1,2,3,4
673333,0,1,2,3,4
762103,0,1,2,3,4
1132959,0,1,2,3,4
378035,0,1,2,3,4
620987,0,1,2,3,4
539778,0,1,2,3,4
1038057,0,1,2,3,4
617793,0,1,2,3,4
992355,0,1,2,3,4
330108,0,1,2,3,4
527902,0,1,2,3,4
883,0,1,2,3,4
682233,0,1,2,3,4
1090214,0,1,2,3,4
1102444,0,1,2,3,4
1155093,0,1,2,3,4
212730,0,1,2,3,4
209348,0,1,2,3,4
454081,0,1,2,3,4
385993,0,1,2,3,4
611856,0,1,2,3,4
342535,0,1,2,3,4
277852,0,1,2,3,4
175953,0,1,2,3,4
648439,0,1,2,3,4
865819,0,1,2,3,4
499795,0,1,2,3,4
1159943,0,1,2,3,4
960131,0,1,2,3,4
542936,0,1,2,3,4
1165949,0,1,2,3,4
797804,0,1,2,3,4
265908,0,1,2,3,4
741359,0,1,2,3,4
459920,0,1,2,3,4
1032798,0,1,2,3,4
943324,0,1,2,3,4
391650,0,1,2,3,4
558721,0,1,2,3,4
898925,0,1,2,3,4
76951,0,1,2,3,4
1150308,0,1,2,3,4
577880,0,1,2,3,4
618827,0,1,2,3,4
324176,0,1,2,3,4
241136,0,1,2,3,4
651313,0,1,2,3,4
577101,0,1,2,3,4
1101333,0,1,2,3,4
804330,0,1,2,3,4
735834,0,1,2,3,4
504526,0,1,2,3,4
749366,0,1,2,3,4
612737,0,1,2,3,4
186364,0,1,2,3,4
382175,0,1,2,3,4
859657,0,1,2,3,4
797885,0,1,2,3,4
1048136,0,1,2,3,4
1004385,0,1,2,3,4
187954,0,1,2,3,4
163356,0,1,2,3,4
132358,0,1,2,3,4
60273,0,1,2,3,4
532041,0,1,2,3,4
65016,0,1,2,3,4
869059,0,1,2,3,4
238599,0,1,2,3,4
943781,0,1,2,3,4
967424,0,1,2,3,4
400110,0,1,2,3,4
867646,0,1,2,3,4
315526,0,1,2,3,4
1055859,0,1,2,3,4
36912,0,1,2,3,4
529206,0,1,2,3,4
157759,0,1,2,3,4
165712,0,1,2,3,4
105280,0,1,2,3,4
616585,0,1,2,3,4
931994,0,1,2,3,4
104959,0,1,2,3,4
337420,0,1,2,3,4
898913,0,1,2,3,4
140846,0,1,2,3,4
232832,0,1,2,3,4
269254,0,1,2,3,4
875927,0,1,2,3,4
497666,0,1,2,3,4
982426,0,1,2,3,4
1151087,0,1,2,3,4
84694,0,1,2,3,4
379149,0,1,2,3,4
456077,0,1,2,3,4
520010,0,1,2,3,4
843500,0,1,2,3,4
738018,0,1,2,3,4
467451,0,1,2,3,4
330926,0,1,2,3,4
572859,0,1,2,3,4
225501,0,1,2,3,4
1113457,0,1,2,3,4
696982,0,1,2,3,4
1050896,0,1,2,3,4
125746,0,1,2,3,4
287664,0,1,2,3,4
199049,0,1,2,3,4
525509,0,1,2,3,4
433070,0,1,2,3,4
1085576,0,1,2,3,4
391806,0,1,2,3,4
1046887,0,1,2,3,4
444397,0,1,2,3,4
649518,0,1,2,3,4
7658,0,1,2,3,4
690308,0,1,2,3,4
338883,0,1,2,3,4
136341,0,1,2,3,4
737826,0,1,2,3,4
88507,0,1,2,3,4
1089007,0,1,2,3,4
776010,0,1,2,3,4
947465,0,1,2,3,4
350560,0,1,2,3,4
223506,0,1,2,3,4
958920,0,1,2,3,4
855856,0,1,2,3,4
1098221,0,1,2,3,4
963178,0,1,2,3,4
536161,0,1,2,3,4
347114,0,1,2,3,4
477983,0,1,2,3,4
581324,0,1,2,3,4
200020,0,1,2,3,4
532572,0,1,2,3,4
270459,0,1,2,3,4
18044,0,1,2,3,4
108475,0,1,2,3,4
588315,0,1,2,3,4
607826,0,1,2,3,4
1072822,0,1,2,3,4
604696,0,1,2,3,4
297584,0,1,2,3,4
1042763,0,1,2,3,4
1074012,0,1,2,3,4
766001,0,1,2,3,4
651929,0,1,2,3,4
206439,0,1,2,3,4
247218,0,1,2,3,4
211123,0,1,2,3,4
974460,0,1,2,3,4
405207,0,1,2,3,4
799229,0,1,2,3,4
106614,0,1,2,3,4
847876,0,1,2,3,4
1145678,0,1,2,3,4
956917,0,1,2,3,4
46435,0,1,2,3,4
432359,0,1,2,3,4
403599,0,1,2,3,4
1137212,0,1,2,3,4
734036,0,1,2,3,4
845151,0,1,2,3,4
99157,0,1,2,3,4
332931,0,1,2,3,4
750264,0,1,2,3,4
1040634,0,1,2,3,4
678462,0,1,2,3,4
558814,0,1,2,3,4
224362,0,1,2,3,4
538546,0,1,2,3,4
451536,0,1,2,3,4
144925,0,1,2,3,4
76804,0,1,2,3,4
187283,0,1,2,3,4
766465,0,1,2,3,4
239427,0,1,2,3,4
224725,0,1,2,3,4
637519,0,1,2,3,4
254795,0,1,2,3,4
649860,0,1,2,3,4
168354,0,1,2,3,4
775895,0,1,2,3,4
1151613,0,1,2,3,4
317048,0,1,2,3,4
663664,0,1,2,3,4
1103922,0,1,2,3,4
1146985,0,1,2,3,4
847286,0,1,2,3,4
279622,0,1,2,3,4
987410,0,1,2,3,4
353468,0,1,2,3,4
288224,0,1,2,3,4
152472,0,1,2,3,4
975110,0,1,2,3,4
819325,0,1,2,3,4
981425,0,1,2,3,4
255786,0,1,2,3,4
682544,0,1,2,3,4
10678,0,1,2,3,4
1062243,0,1,2,3,4
1079695,0,1,2,3,4
1024670,0,1,2,3,4
1179019,0,1,2,3,4
462418,0,1,2,3,4
819855,0,1,2,3,4
1058630,0,1,2,3,4
830562,0,1,2,3,4
309417,0,1,2,3,4
595881,0,1,2,3,4
739401,0,1,2,3,4
1173470,0,1,2,3,4
1082456,0,1,2,3,4
1007851,0,1,2,3,4
926977,0,1,2,3,4
1044014,0,1,2,3,4
412315,0,1,2,3,4
146502,0,1,2,3,4
1020798,0,1,2,3,4
280120,0,1,2,3,4
230257,0,1,2,3,4
1027178,0,1,2,3,4
192196,0,1,2,3,4
230732,0,1,2,3,4
760937,0,1,2,3,4
335716,0,1,2,3,4
813001,0,1,2,3,4
259760,0,1,2,3,4
172146,0,1,2,3,4
308091,0,1,2,3,4
549469,0,1,2,3,4
410536,0,1,2,3,4
622459,0,1,2,3,4
579155,0,1,2,3,4
120038,0,1,2,3,4
538991,0,1,2,3,4
701727,0,1,2,3,4
603817,0,1,2,3,4
828364,0,1,2,3,4
512038,0,1,2,3,4
13382,0,1,2,3,4
55589,0,1,2,3,4
774736,0,1,2,3,4
187687,0,1,2,3,4
300174,0,1,2,3,4
708365,0,1,2,3,4
1034931,0,1,2,3,4
1109171,0,1,2,3,4
1061188,0,1,2,3,4
1058393,0,1,2,3,4
850236,0,1,2,3,4
506238,0,1,2,3,4
895951,0,1,2,3,4
832484,0,1,2,3,4
1106103,0,1,2,3,4
711715,0,1,2,3,4
482285,0,1,2,3,4
40885,0,1,2,3,4
262734,0,1,2,3,4
388463,0,1,2,3,4
737028,0,1,2,3,4
980662,0,1,2,3,4
511519,0,1,2,3,4
734844,0,1,2,3,4
76982,0,1,2,3,4
446183,0,1,2,3,4
496661,0,1,2,3,4
902449,0,1,2,3,4
1000956,0,1,2,3,4
691233,0,1,2,3,4
239654,0,1,2,3,4
1036936,0,1,2,3,4
658239,0,1,2,3,4
645976,0,1,2,3,4
603005,0,1,2,3,4
711979,0,1,2,3,4
822423,0,1,2,3,4
640857,0,1,2,3,4
316736,0,1,2,3,4
169851,0,1,2,3,4
1137607,0,1,2,3,4
1178314,0,1,2,3,4
215437,0,1,2,3,4
357888,0,1,2,3,4
1133098,0,1,2,3,4
469941,0,1,2,3,4
846838,0,1,2,3,4
802383,0,1,2,3,4
919674,0,1,2,3,4
545656,0,1,2,3,4
486712,0,1,2,3,4
994514,0,1,2,3,4
473619,0,1,2,3,4
1064139,0,1,2,3,4
355992,0,1,2,3,4
1109951,0,1,2,3,4
467406,0,1,2,3,4
459457,0,1,2,3,4
588674,0,1,2,3,4
254322,0,1,2,3,4
836703,0,1,2,3,4
71248,0,1,2,3,4
452796,0,1,2,3,4
575158,0,1,2,3,4
863870,0,1,2,3,4
685906,0,1,2,3,4
727252,0,1,2,3,4
926456,0,1,2,3,4
47315,0,1,2,3,4
567190,0,1,2,3,4
418064,0,1,2,3,4
333921,0,1,2,3,4
361579,0,1,2,3,4
857980,0,1,2,3,4
1045118,0,1,2,3,4
590555,0,1,2,3,4
437054,0,1,2,3,4
769621,0,1,2,3,4
867456,0,1,2,3,4
550072,0,1,2,3,4
645084,0,1,2,3,4
225515,0,1,2,3,4
940564,0,1,2,3,4
71301,0,1,2,3,4
648185,0,1,2,3,4
903858,0,1,2,3,4
845036,0,1,2,3,4
359417,0,1,2,3,4
1165372,0,1,2,3,4
655934,0,1,2,3,4
239129,0,1,2,3,4
921400,0,1,2,3,4
38283,0,1,2,3,4
983410,0,1,2,3,4
781144,0,1,2,3,4
43430,0,1,2,3,4
836887,0,1,2,3,4
665442,0,1,2,3,4
810456,0,1,2,3,4
568432,0,1,2,3,4
544057,0,1,2,3,4
752014,0,1,2,3,4
545473,0,1,2,3,4
1133617,0,1,2,3,4
284671,0,1,2,3,4
605694,0,1,2,3,4
753552,0,1,2,3,4
329421,0,1,2,3,4
772719,0,1,2,3,4
141642,0,1,2,3,4
1001434,0,1,2,3,4
949819,0,1,2,3,4
9084,0,1,2,3,4
149904,0,1,2,3,4
774954,0,1,2,3,4
896046,0,1,2,3,4
42799,0,1,2,3,4
214337,0,1,2,3,4
525334,0,1,2,3,4
803472,0,1,2,3,4
464272,0,1,2,3,4
92967,0,1,2,3,4
134938,0,1,2,3,4
586275,0,1,2,3,4
1123734,0,1,2,3,4
45553,0,1,2,3,4
929077,0,1,2,3,4
156966,0,1,2,3,4
1101695,0,1,2,3,4
720707,0,1,2,3,4
149045,0,1,2,3,4
651583,0,1,2,3,4
635528,0,1,2,3,4
852053,0,1,2,3,4
819806,0,1,2,3,4
923457,0,1,2,3,4
547253,0,1,2,3,4
900444,0,1,2,3,4
316412,0,1,2,3,4
939810,0,1,2,3,4
348847,0,1,2,3,4
415166,0,1,2,3,4
179655,0,1,2,3,4
916483,0,1,2,3,4
757492,0,1,2,3,4
638043,0,1,2,3,4
891799,0,1,2,3,4
119814,0,1,2,3,4
1130672,0,1,2,3,4
178564,0,1,2,3,4
149102,0,1,2,3,4
431678,0,1,2,3,4
398397,0,1,2,3,4
1146456,0,1,2,3,4
640669,0,1,2,3,4
943575,0,1,2,3,4
992248,0,1,2,3,4
365168,0,1,2,3,4
446916,0,1,2,3,4
591743,0,1,2,3,4
954801,0,1,2,3,4
679651,0,1,2,3,4
839283,0,1,2,3,4
1045532,0,1,2,3,4
323386,0,1,2,3,4
150397,0,1,2,3,4
251137,0,1,2,3,4
865033,0,1,2,3,4
260858,0,1,2,3,4
650433,0,1,2,3,4
228940,0,1,2,3,4
139571,0,1,2,3,4
1014245,0,1,2,3,4
189529,0,1,2,3,4
1130264,0,1,2,3,4
733585,0,1,2,3,4
1064719,0,1,2,3,4
1014503,0,1,2,3,4
1032994,0,1,2,3,4
566927,0,1,2,3,4
140945,0,1,2,3,4
823874,0,1,2,3,4
747591,0,1,2,3,4
48128,0,1,2,3,4
389446,0,1,2,3,4
29045,0,1,2,3,4
777050,0,1,2,3,4
997877,0,1,2,3,4
990619,0,1,2,3,4
335399,0,1,2,3,4
419701,0,1,2,3,4
37893,0,1,2,3,4
429353,0,1,2,3,4
72627,0,1,2,3,4
581189,0,1,2,3,4
703847,0,1,2,3,4
129124,0,1,2,3,4
872057,0,1,2,3,4
247433,0,1,2,3,4
673659,0,1,2,3,4
156631,0,1,2,3,4
634702,0,1,2,3,4
1042992,0,1,2,3,4
381278,0,1,2,3,4
77722,0,1,2,3,4
43371,0,1,2,3,4
761456,0,1,2,3,4
1132705,0,1,2,3,4
843167,0,1,2,3,4
782247,0,1,2,3,4
463725,0,1,2,3,4
316729,0,1,2,3,4
661098,0,1,2,3,4
85298,0,1,2,3,4
510720,0,1,2,3,4
904846,0,1,2,3,4
1056615,0,1,2,3,4
387004,0,1,2,3,4
347327,0,1,2,3,4
12998,0,1,2,3,4
34738,0,1,2,3,4
1123375,0,1,2,3,4
395113,0,1,2,3,4
424987,0,1,2,3,4
176623,0,1,2,3,4
486686,0,1,2,3,4
152395,0,1,2,3,4
1161601,0,1,2,3,4
53822,0,1,2,3,4
839660,0,1,2,3,4
442521,0,1,2,3,4
1042141,0,1,2,3,4
1032376,0,1,2,3,4
1124475,0,1,2,3,4
825240,0,1,2,3,4
631868,0,1,2,3,4
530631,0,1,2,3,4
195769,0,1,2,3,4
1128186,0,1,2,3,4
834691,0,1,2,3,4
668079,0,1,2,3,4
103480,0,1,2,3,4
587892,0,1,2,3,4
1054648,0,1,2,3,4
645952,0,1,2,3,4
213416,0,1,2,3,4
452823,0,1,2,3,4
167551,0,1,2,3,4
793573,0,1,2,3,4
692117,0,1,2,3,4
171016,0,1,2,3,4
601498,0,1,2,3,4
1087327,0,1,2,3,4
516001,0,1,2,3,4
992782,0,1,2,3,4
789747,0,1,2,3,4
938131,0,1,2,3,4
770262,0,1,2,3,4
146948,0,1,2,3,4
991970,0,1,2,3,4
41408,0,1,2,3,4
609632,0,1,2,3,4
897989,0,1,2,3,4
556042,0,1,2,3,4
1089416,0,1,2,3,4
897832,0,1,2,3,4
1139534,0,1,2,3,4
506795,0,1,2,3,4
989946,0,1,2,3,4
913124,0,1,2,3,4
1150595,0,1,2,3,4
927690,0,1,2,3,4
513808,0,1,2,3,4
948845,0,1,2,3,4
990507,0,1,2,3,4
839502,0,1,2,3,4
594461,0,1,2,3,4
439656,0,1,2,3,4
23647,0,1,2,3,4
409730,0,1,2,3,4
888522,0,1,2,3,4
821296,0,1,2,3,4
595856,0,1,2,3,4
185273,0,1,2,3,4
700186,0,1,2,3,4
1088517,0,1,2,3,4
67545,0,1,2,3,4
1151813,0,1,2,3,4
278202,0,1,2,3,4
542360,0,1,2,3,4
605895,0,1,2,3,4
636759,0,1,2,3,4
667171,0,1,2,3,4
827985,0,1,2,3,4
439377,0,1,2,3,4
387645,0,1,2,3,4
569852,0,1,2,3,4
811429,0,1,2,3,4
60681,0,1,2,3,4
673131,0,1,2,3,4
621994,0,1,2,3,4
902382,0,1,2,3,4
503036,0,1,2,3,4
1177421,0,1,2,3,4
737919,0,1,2,3,4
420096,0,1,2,3,4
1156069,0,1,2,3,4
654213,0,1,2,3,4
878305,0,1,2,3,4
1131222,0,1,2,3,4
1006996,0,1,2,3,4
126970,0,1,2,3,4
387101,0,1,2,3,4
489038,0,1,2,3,4
1020480,0,1,2,3,4
743724,0,1,2,3,4
1108562,0,1,2,3,4
1024739,0,1,2,3,4
133624,0,1,2,3,4
287132,0,1,2,3,4
396996,0,1,2,3,4
53823,0,1,2,3,4
1062019,0,1,2,3,4
298593,0,1,2,3,4
372576,0,1,2,3,4
376290,0,1,2,3,4
1044155,0,1,2,3,4
581667,0,1,2,3,4
154772,0,1,2,3,4
866181,0,1,2,3,4
1082369,0,1,2,3,4
474097,0,1,2,3,4
786249,0,1,2,3,4
1047978,0,1,2,3,4
996900,0,1,2,3,4
728984,0,1,2,3,4
517298,0,1,2,3,4
257602,0,1,2,3,4
1147255,0,1,2,3,4
47612,0,1,2,3,4
152219,0,1,2,3,4
945443,0,1,2,3,4
109654,0,1,2,3,4
755357,0,1,2,3,4
386679,0,1,2,3,4
602354,0,1,2,3,4
1047273,0,1,2,3,4
115158,0,1,2,3,4
944557,0,1,2,3,4
136819,0,1,2,3,4
114727,0,1,2,3,4
1109404,0,1,2,3,4
819117,0,1,2,3,4
1123692,0,1,2,3,4
432162,0,1,2,3,4
238789,0,1,2,3,4
1068585,0,1,2,3,4
981828,0,1,2,3,4
19938,0,1,2,3,4
1118039,0,1,2,3,4
703420,0,1,2,3,4
899447,0,1,2,3,4
730074,0,1,2,3,4
1005903,0,1,2,3,4
134316,0,1,2,3,4
558754,0,1,2,3,4
82290,0,1,2,3,4
544052,0,1,2,3,4
603704,0,1,2,3,4
484534,0,1,2,3,4
67697,0,1,2,3,4
681307,0,1,2,3,4
1097560,0,1,2,3,4
55304,0,1,2,3,4
669813,0,1,2,3,4
766616,0,1,2,3,4
882264,0,1,2,3,4
399157,0,1,2,3,4
196745,0,1,2,3,4
101178,0,1,2,3,4
1042710,0,1,2,3,4
54486,0,1,2,3,4
1151950,0,1,2,3,4
497553,0,1,2,3,4
876436,0,1,2,3,4
998732,0,1,2,3,4
359770,0,1,2,3,4
769378,0,1,2,3,4
371252,0,1,2,3,4
999238,0,1,2,3,4
101475,0,1,2,3,4
530066,0,1,2,3,4
768210,0,1,2,3,4
41322,0,1,2,3,4
599828,0,1,2,3,4
140559,0,1,2,3,4
533169,0,1,2,3,4
1021897,0,1,2,3,4
515401,0,1,2,3,4
654900,0,1,2,3,4
290454,0,1,2,3,4
499763,0,1,2,3,4
629898,0,1,2,3,4
885,0,1,2,3,4
1157049,0,1,2,3,4
214983,0,1,2,3,4
1010762,0,1,2,3,4
361125,0,1,2,3,4
721223,0,1,2,3,4
301262,0,1,2,3,4
362645,0,1,2,3,4
145837,0,1,2,3,4
826764,0,1,2,3,4
1134417,0,1,2,3,4
559935,0,1,2,3,4
973326,0,1,2,3,4
915577,0,1,2,3,4
578858,0,1,2,3,4
22000,0,1,2,3,4
1119784,0,1,2,3,4
806967,0,1,2,3,4
844420,0,1,2,3,4
216807,0,1,2,3,4
528898,0,1,2,3,4
1058497,0,1,2,3,4
509716,0,1,2,3,4
1010347,0,1,2,3,4
422338,0,1,2,3,4
787742,0,1,2,3,4
653140,0,1,2,3,4
536391,0,1,2,3,4
1037367,0,1,2,3,4
94146,0,1,2,3,4
467186,0,1,2,3,4
595497,0,1,2,3,4
611312,0,1,2,3,4
383166,0,1,2,3,4
519049,0,1,2,3,4
524302,0,1,2,3,4
998785,0,1,2,3,4
846833,0,1,2,3,4
380958,0,1,2,3,4
293843,0,1,2,3,4
496917,0,1,2,3,4
865281,0,1,2,3,4
502350,0,1,2,3,4
260473,0,1,2,3,4
1012251,0,1,2,3,4
435706,0,1,2,3,4
1056870,0,1,2,3,4
31797,0,1,2,3,4
28882,0,1,2,3,4
621420,0,1,2,3,4
632014,0,1,2,3,4
660996,0,1,2,3,4
204511,0,1,2,3,4
819270,0,1,2,3,4
58445,0,1,2,3,4
421418,0,1,2,3,4
853924,0,1,2,3,4
856570,0,1,2,3,4
682852,0,1,2,3,4
857151,0,1,2,3,4
436593,0,1,2,3,4
898162,0,1,2,3,4
1166718,0,1,2,3,4
533846,0,1,2,3,4
700145,0,1,2,3,4
1056946,0,1,2,3,4
1056952,0,1,2,3,4
1026645,0,1,2,3,4
572917,0,1,2,3,4
1057333,0,1,2,3,4
898174,0,1,2,3,4
222072,0,1,2,3,4
680831,0,1,2,3,4
490479,0,1,2,3,4
653163,0,1,2,3,4
630786,0,1,2,3,4
628050,0,1,2,3,4
1129454,0,1,2,3,4
1003594,0,1,2,3,4
612736,0,1,2,3,4
567440,0,1,2,3,4
634596,0,1,2,3,4
517496,0,1,2,3,4
980244,0,1,2,3,4
387166,0,1,2,3,4
441096,0,1,2,3,4
217884,0,1,2,3,4
1047155,0,1,2,3,4
382319,0,1,2,3,4
680353,0,1,2,3,4
199712,0,1,2,3,4
343993,0,1,2,3,4
202731,0,1,2,3,4
912821,0,1,2,3,4
236486,0,1,2,3,4
137808,0,1,2,3,4
920837,0,1,2,3,4
561950,0,1,2,3,4
746897,0,1,2,3,4
245326,0,1,2,3,4
960272,0,1,2,3,4
473801,0,1,2,3,4
419178,0,1,2,3,4
633946,0,1,2,3,4
174442,0,1,2,3,4
388290,0,1,2,3,4
135453,0,1,2,3,4
916303,0,1,2,3,4
153480,0,1,2,3,4
358205,0,1,2,3,4
706392,0,1,2,3,4
301806,0,1,2,3,4
528487,0,1,2,3,4
950708,0,1,2,3,4
811437,0,1,2,3,4
630843,0,1,2,3,4
871542,0,1,2,3,4
428283,0,1,2,3,4
830126,0,1,2,3,4
551145,0,1,2,3,4
345774,0,1,2,3,4
120343,0,1,2,3,4
348142,0,1,2,3,4
408997,0,1,2,3,4
178139,0,1,2,3,4
931029,0,1,2,3,4
789023,0,1,2,3,4
503428,0,1,2,3,4
876095,0,1,2,3,4
145541,0,1,2,3,4
147706,0,1,2,3,4
57179,0,1,2,3,4
763828,0,1,2,3,4
177562,0,1,2,3,4
671362,0,1,2,3,4
738839,0,1,2,3,4
318891,0,1,2,3,4
272848,0,1,2,3,4
325538,0,1,2,3,4
965557,0,1,2,3,4
320730,0,1,2,3,4
1125849,0,1,2,3,4
1090883,0,1,2,3,4
449458,0,1,2,3,4
524297,0,1,2,3,4
548896,0,1,2,3,4
461007,0,1,2,3,4
867097,0,1,2,3,4
272507,0,1,2,3,4
234648,0,1,2,3,4
819925,0,1,2,3,4
1163436,0,1,2,3,4
594992,0,1,2,3,4
598105,0,1,2,3,4
1051456,0,1,2,3,4
549577,0,1,2,3,4
641413,0,1,2,3,4
75724,0,1,2,3,4
854179,0,1,2,3,4
307602,0,1,2,3,4
1092952,0,1,2,3,4
1095986,0,1,2,3,4
419895,0,1,2,3,4
303160,0,1,2,3,4
240238,0,1,2,3,4
429714,0,1,2,3,4
777309,0,1,2,3,4
853623,0,1,2,3,4
606014,0,1,2,3,4
105206,0,1,2,3,4
668444,0,1,2,3,4
198712,0,1,2,3,4
124182,0,1,2,3,4
863874,0,1,2,3,4
572377,0,1,2,3,4
598613,0,1,2,3,4
1060755,0,1,2,3,4
346296,0,1,2,3,4
176022,0,1,2,3,4
812775,0,1,2,3,4
812387,0,1,2,3,4
592900,0,1,2,3,4
231946,0,1,2,3,4
517331,0,1,2,3,4
359951,0,1,2,3,4
650097,0,1,2,3,4
58231,0,1,2,3,4
432075,0,1,2,3,4
947582,0,1,2,3,4
149761,0,1,2,3,4
1052323,0,1,2,3,4
737910,0,1,2,3,4
1055974,0,1,2,3,4
718068,0,1,2,3,4
1049984,0,1,2,3,4
669382,0,1,2,3,4
694181,0,1,2,3,4
856024,0,1,2,3,4
639363,0,1,2,3,4
821730,0,1,2,3,4
1023673,0,1,2,3,4
1125901,0,1,2,3,4
753049,0,1,2,3,4
42983,0,1,2,3,4
335064,0,1,2,3,4
260234,0,1,2,3,4
75798,0,1,2,3,4
893635,0,1,2,3,4
343810,0,1,2,3,4
994451,0,1,2,3,4
913388,0,1,2,3,4
838232,0,1,2,3,4
880053,0,1,2,3,4
210387,0,1,2,3,4
677541,0,1,2,3,4
268968,0,1,2,3,4
1082284,0,1,2,3,4
867388,0,1,2,3,4
1139364,0,1,2,3,4
1031435,0,1,2,3,4
452252,0,1,2,3,4
112393,0,1,2,3,4
632420,0,1,2,3,4
706153,0,1,2,3,4
146128,0,1,2,3,4
439812,0,1,2,3,4
333671,0,1,2,3,4
285549,0,1,2,3,4
82581,0,1,2,3,4
793304,0,1,2,3,4
1145337,0,1,2,3,4
953184,0,1,2,3,4
531947,0,1,2,3,4
432157,0,1,2,3,4
403439,0,1,2,3,4
648038,0,1,2,3,4
497727,0,1,2,3,4
503299,0,1,2,3,4
629745,0,1,2,3,4
75723,0,1,2,3,4
844391,0,1,2,3,4
1146899,0,1,2,3,4
770547,0,1,2,3,4
478789,0,1,2,3,4
387032,0,1,2,3,4
129391,0,1,2,3,4
396245,0,1,2,3,4
1023567,0,1,2,3,4
44603,0,1,2,3,4
876186,0,1,2,3,4
204967,0,1,2,3,4
622247,0,1,2,3,4
354371,0,1,2,3,4
11698,0,1,2,3,4
119479,0,1,2,3,4
378480,0,1,2,3,4
477339,0,1,2,3,4
881595,0,1,2,3,4
324421,0,1,2,3,4
1037190,0,1,2,3,4
489854,0,1,2,3,4
807109,0,1,2,3,4
1095630,0,1,2,3,4
1091731,0,1,2,3,4
915788,0,1,2,3,4
338550,0,1,2,3,4
989035,0,1,2,3,4
587269,0,1,2,3,4
153009,0,1,2,3,4
74530,0,1,2,3,4
700209,0,1,2,3,4
381569,0,1,2,3,4
86183,0,1,2,3,4
921716,0,1,2,3,4
381861,0,1,2,3,4
51716,0,1,2,3,4
629468,0,1,2,3,4
146757,0,1,2,3,4
1088595,0,1,2,3,4
327647,0,1,2,3,4
445160,0,1,2,3,4
63321,0,1,2,3,4
397695,0,1,2,3,4
613791,0,1,2,3,4
44042,0,1,2,3,4
946305,0,1,2,3,4
1057606,0,1,2,3,4
1074393,0,1,2,3,4
27932,0,1,2,3,4
74799,0,1,2,3,4
1117912,0,1,2,3,4
855283,0,1,2,3,4
26373,0,1,2,3,4
188680,0,1,2,3,4
26204,0,1,2,3,4
155399,0,1,2,3,4
1047800,0,1,2,3,4
513030,0,1,2,3,4
393569,0,1,2,3,4
935346,0,1,2,3,4
1002551,0,1,2,3,4
68260,0,1,2,3,4
725865,0,1,2,3,4
529446,0,1,2,3,4
687942,0,1,2,3,4
1081044,0,1,2,3,4
1084496,0,1,2,3,4
518708,0,1,2,3,4
664121,0,1,2,3,4
835981,0,1,2,3,4
619111,0,1,2,3,4
193293,0,1,2,3,4
650230,0,1,2,3,4
1099155,0,1,2,3,4
1168933,0,1,2,3,4
155434,0,1,2,3,4
322406,0,1,2,3,4
7740,0,1,2,3,4
243880,0,1,2,3,4
737427,0,1,2,3,4
608136,0,1,2,3,4
677732,0,1,2,3,4
628109,0,1,2,3,4
516266,0,1,2,3,4
1042357,0,1,2,3,4
993365,0,1,2,3,4
871002,0,1,2,3,4
466819,0,1,2,3,4
123813,0,1,2,3,4
520473,0,1,2,3,4
869022,0,1,2,3,4
249569,0,1,2,3,4
562425,0,1,2,3,4
27474,0,1,2,3,4
533772,0,1,2,3,4
80235,0,1,2,3,4
436467,0,1,2,3,4
418608,0,1,2,3,4
535712,0,1,2,3,4
564286,0,1,2,3,4
821870,0,1,2,3,4
383530,0,1,2,3,4
450575,0,1,2,3,4
623895,0,1,2,3,4
563785,0,1,2,3,4
43659,0,1,2,3,4
775967,0,1,2,3,4
954265,0,1,2,3,4
922525,0,1,2,3,4
709127,0,1,2,3,4
477629,0,1,2,3,4
416382,0,1,2,3,4
951164,0,1,2,3,4
821619,0,1,2,3,4
1109159,0,1,2,3,4
393040,0,1,2,3,4
492071,0,1,2,3,4
528645,0,1,2,3,4
858366,0,1,2,3,4
472190,0,1,2,3,4
263319,0,1,2,3,4
458660,0,1,2,3,4
961918,0,1,2,3,4
340190,0,1,2,3,4
913674,0,1,2,3,4
703142,0,1,2,3,4
1007984,0,1,2,3,4
406610,0,1,2,3,4
928221,0,1,2,3,4
310343,0,1,2,3,4
1070334,0,1,2,3,4
81621,0,1,2,3,4
52695,0,1,2,3,4
651558,0,1,2,3,4
1151827,0,1,2,3,4
94844,0,1,2,3,4
1007339,0,1,2,3,4
357824,0,1,2,3,4
191937,0,1,2,3,4
779328,0,1,2,3,4
221008,0,1,2,3,4
282687,0,1,2,3,4
256818,0,1,2,3,4
587839,0,1,2,3,4
13318,0,1,2,3,4
921820,0,1,2,3,4
206998,0,1,2,3,4
793318,0,1,2,3,4
583441,0,1,2,3,4
172762,0,1,2,3,4
1129038,0,1,2,3,4
860365,0,1,2,3,4
236980,0,1,2,3,4
350648,0,1,2,3,4
1170064,0,1,2,3,4
61230,0,1,2,3,4
3469,0,1,2,3,4
329108,0,1,2,3,4
1045883,0,1,2,3,4
92717,0,1,2,3,4
1005446,0,1,2,3,4
93330,0,1,2,3,4
660511,0,1,2,3,4
854386,0,1,2,3,4
271118,0,1,2,3,4
686646,0,1,2,3,4
654115,0,1,2,3,4
488036,0,1,2,3,4
69865,0,1,2,3,4
3964,0,1,2,3,4
990077,0,1,2,3,4
1165264,0,1,2,3,4
56681,0,1,2,3,4
744766,0,1,2,3,4
632591,0,1,2,3,4
688594,0,1,2,3,4
1139821,0,1,2,3,4
1151859,0,1,2,3,4
1046206,0,1,2,3,4
574978,0,1,2,3,4
260477,0,1,2,3,4
1177496,0,1,2,3,4
391462,0,1,2,3,4
830144,0,1,2,3,4
960171,0,1,2,3,4
145506,0,1,2,3,4
926255,0,1,2,3,4
811229,0,1,2,3,4
89327,0,1,2,3,4
993286,0,1,2,3,4
387060,0,1,2,3,4
51365,0,1,2,3,4
964010,0,1,2,3,4
260220,0,1,2,3,4
505471,0,1,2,3,4
327037,0,1,2,3,4
322080,0,1,2,3,4
622268,0,1,2,3,4
196891,0,1,2,3,4
107877,0,1,2,3,4
160583,0,1,2,3,4
485306,0,1,2,3,4
606515,0,1,2,3,4
214774,0,1,2,3,4
1032627,0,1,2,3,4
1009641,0,1,2,3,4
171142,0,1,2,3,4
1047200,0,1,2,3,4
513031,0,1,2,3,4
707272,0,1,2,3,4
504836,0,1,2,3,4
1170290,0,1,2,3,4
946332,0,1,2,3,4
629176,0,1,2,3,4
219818,0,1,2,3,4
775876,0,1,2,3,4
1060596,0,1,2,3,4
1135454,0,1,2,3,4
1672,0,1,2,3,4
389149,0,1,2,3,4
760785,0,1,2,3,4
369006,0,1,2,3,4
1037320,0,1,2,3,4
760216,0,1,2,3,4
1013718,0,1,2,3,4
590993,0,1,2,3,4
401985,0,1,2,3,4
255413,0,1,2,3,4
673077,0,1,2,3,4
675694,0,1,2,3,4
633310,0,1,2,3,4
1090594,0,1,2,3,4
806840,0,1,2,3,4
744477,0,1,2,3,4
250074,0,1,2,3,4
1114303,0,1,2,3,4
260158,0,1,2,3,4
435121,0,1,2,3,4
695376,0,1,2,3,4
33801,0,1,2,3,4
745036,0,1,2,3,4
706100,0,1,2,3,4
979430,0,1,2,3,4
889924,0,1,2,3,4
819975,0,1,2,3,4
1156199,0,1,2,3,4
998063,0,1,2,3,4
13482,0,1,2,3,4
955141,0,1,2,3,4
512794,0,1,2,3,4
384157,0,1,2,3,4
1166538,0,1,2,3,4
656083,0,1,2,3,4
308167,0,1,2,3,4
388922,0,1,2,3,4
733822,0,1,2,3,4
1050899,0,1,2,3,4
1134008,0,1,2,3,4
481664,0,1,2,3,4
1025419,0,1,2,3,4
1150860,0,1,2,3,4
1001356,0,1,2,3,4
782011,0,1,2,3,4
435676,0,1,2,3,4
777163,0,1,2,3,4
254005,0,1,2,3,4
837117,0,1,2,3,4
714091,0,1,2,3,4
878477,0,1,2,3,4
1033564,0,1,2,3,4
1133762,0,1,2,3,4
206225,0,1,2,3,4
914400,0,1,2,3,4
389388,0,1,2,3,4
913082,0,1,2,3,4
440893,0,1,2,3,4
197812,0,1,2,3,4
190796,0,1,2,3,4
1061371,0,1,2,3,4
915818,0,1,2,3,4
109265,0,1,2,3,4
410376,0,1,2,3,4
341323,0,1,2,3,4
769021,0,1,2,3,4
115942,0,1,2,3,4
97225,0,1,2,3,4
347881,0,1,2,3,4
122167,0,1,2,3,4
334632,0,1,2,3,4
412579,0,1,2,3,4
920807,0,1,2,3,4
875954,0,1,2,3,4
1115087,0,1,2,3,4
539070,0,1,2,3,4
417511,0,1,2,3,4
677139,0,1,2,3,4
799703,0,1,2,3,4
500255,0,1,2,3,4
445972,0,1,2,3,4
378330,0,1,2,3,4
480683,0,1,2,3,4
821267,0,1,2,3,4
847575,0,1,2,3,4
1130191,0,1,2,3,4
819654,0,1,2,3,4
237547,0,1,2,3,4
855136,0,1,2,3,4
757204,0,1,2,3,4
288821,0,1,2,3,4
2966,0,1,2,3,4
237228,0,1,2,3,4
154543,0,1,2,3,4
1095807,0,1,2,3,4
496285,0,1,2,3,4
799638,0,1,2,3,4
231913,0,1,2,3,4
724630,0,1,2,3,4
927615,0,1,2,3,4
193709,0,1,2,3,4
647555,0,1,2,3,4
813796,0,1,2,3,4
484840,0,1,2,3,4
519853,0,1,2,3,4
456101,0,1,2,3,4
1114206,0,1,2,3,4
586637,0,1,2,3,4
712124,0,1,2,3,4
405366,0,1,2,3,4
542547,0,1,2,3,4
147715,0,1,2,3,4
367383,0,1,2,3,4
874625,0,1,2,3,4
648948,0,1,2,3,4
786700,0,1,2,3,4
910265,0,1,2,3,4
341480,0,1,2,3,4
833299,0,1,2,3,4
456491,0,1,2,3,4
541348,0,1,2,3,4
1077397,0,1,2,3,4
174556,0,1,2,3,4
888000,0,1,2,3,4
188948,0,1,2,3,4
603248,0,1,2,3,4
938698,0,1,2,3,4
853663,0,1,2,3,4
430862,0,1,2,3,4
424890,0,1,2,3,4
224072,0,1,2,3,4
831189,0,1,2,3,4
758119,0,1,2,3,4
1155682,0,1,2,3,4
561395,0,1,2,3,4
642412,0,1,2,3,4
963924,0,1,2,3,4
852239,0,1,2,3,4
1119173,0,1,2,3,4
1149685,0,1,2,3,4
338078,0,1,2,3,4
616471,0,1,2,3,4
137997,0,1,2,3,4
333417,0,1,2,3,4
1001069,0,1,2,3,4
89875,0,1,2,3,4
1068834,0,1,2,3,4
192788,0,1,2,3,4
908886,0,1,2,3,4
679639,0,1,2,3,4
245833,0,1,2,3,4
65962,0,1,2,3,4
268773,0,1,2,3,4
1121353,0,1,2,3,4
880094,0,1,2,3,4
515397,0,1,2,3,4
631284,0,1,2,3,4
905695,0,1,2,3,4
943551,0,1,2,3,4
340845,0,1,2,3,4
498740,0,1,2,3,4
367460,0,1,2,3,4
314503,0,1,2,3,4
556810,0,1,2,3,4
755641,0,1,2,3,4
210649,0,1,2,3,4
792616,0,1,2,3,4
477758,0,1,2,3,4
210850,0,1,2,3,4
217766,0,1,2,3,4
989981,0,1,2,3,4
680752,0,1,2,3,4
463476,0,1,2,3,4
494615,0,1,2,3,4
490662,0,1,2,3,4
372697,0,1,2,3,4
650803,0,1,2,3,4
101158,0,1,2,3,4
400124,0,1,2,3,4
506852,0,1,2,3,4
471727,0,1,2,3,4
590004,0,1,2,3,4
919080,0,1,2,3,4
299987,0,1,2,3,4
3780,0,1,2,3,4
150978,0,1,2,3,4
669268,0,1,2,3,4
106222,0,1,2,3,4
678776,0,1,2,3,4
68116,0,1,2,3,4
597052,0,1,2,3,4
228114,0,1,2,3,4
254043,0,1,2,3,4
758332,0,1,2,3,4
578863,0,1,2,3,4
508765,0,1,2,3,4
603305,0,1,2,3,4
777834,0,1,2,3,4
790852,0,1,2,3,4
365271,0,1,2,3,4
768079,0,1,2,3,4
690214,0,1,2,3,4
185169,0,1,2,3,4
126369,0,1,2,3,4
759731,0,1,2,3,4
802320,0,1,2,3,4
780547,0,1,2,3,4
506730,0,1,2,3,4
225988,0,1,2,3,4
482174,0,1,2,3,4
821034,0,1,2,3,4
1066922,0,1,2,3,4
733408,0,1,2,3,4
59361,0,1,2,3,4
208715,0,1,2,3,4
874413,0,1,2,3,4
990747,0,1,2,3,4
701937,0,1,2,3,4
121202,0,1,2,3,4
668096,0,1,2,3,4
426746,0,1,2,3,4
248737,0,1,2,3,4
403364,0,1,2,3,4
263521,0,1,2,3,4
949914,0,1,2,3,4
953107,0,1,2,3,4
308635,0,1,2,3,4
512525,0,1,2,3,4
1140299,0,1,2,3,4
629994,0,1,2,3,4
530963,0,1,2,3,4
856460,0,1,2,3,4
552959,0,1,2,3,4
400911,0,1,2,3,4
448209,0,1,2,3,4
1138378,0,1,2,3,4
129112,0,1,2,3,4
1036807,0,1,2,3,4
403803,0,1,2,3,4
452528,0,1,2,3,4
921193,0,1,2,3,4
966379,0,1,2,3,4
518984,0,1,2,3,4
299545,0,1,2,3,4
262318,0,1,2,3,4
643988,0,1,2,3,4
288728,0,1,2,3,4
1068773,0,1,2,3,4
1056098,0,1,2,3,4
947671,0,1,2,3,4
291179,0,1,2,3,4
1107313,0,1,2,3,4
1070319,0,1,2,3,4
15110,0,1,2,3,4
689836,0,1,2,3,4
736299,0,1,2,3,4
466305,0,1,2,3,4
1072293,0,1,2,3,4
1076010,0,1,2,3,4
438152,0,1,2,3,4
529445,0,1,2,3,4
46174,0,1,2,3,4
54452,0,1,2,3,4
1023848,0,1,2,3,4
1024805,0,1,2,3,4
1009708,0,1,2,3,4
512851,0,1,2,3,4
661154,0,1,2,3,4
127958,0,1,2,3,4
396899,0,1,2,3,4
189918,0,1,2,3,4
1004082,0,1,2,3,4
9204,0,1,2,3,4
389533,0,1,2,3,4
365123,0,1,2,3,4
806940,0,1,2,3,4
826531,0,1,2,3,4
387856,0,1,2,3,4
196865,0,1,2,3,4
812340,0,1,2,3,4
1048172,0,1,2,3,4
1095133,0,1,2,3,4
298372,0,1,2,3,4
845498,0,1,2,3,4
415296,0,1,2,3,4
890982,0,1,2,3,4
1066197,0,1,2,3,4
415142,0,1,2,3,4
868653,0,1,2,3,4
393585,0,1,2,3,4
829515,0,1,2,3,4
27858,0,1,2,3,4
660168,0,1,2,3,4
342595,0,1,2,3,4
1082597,0,1,2,3,4
225039,0,1,2,3,4
339488,0,1,2,3,4
277,0,1,2,3,4
1151501,0,1,2,3,4
64582,0,1,2,3,4
69301,0,1,2,3,4
39073,0,1,2,3,4
874245,0,1,2,3,4
1093061,0,1,2,3,4
375712,0,1,2,3,4
535597,0,1,2,3,4
233411,0,1,2,3,4
466570,0,1,2,3,4
304041,0,1,2,3,4
218090,0,1,2,3,4
571725,0,1,2,3,4
107256,0,1,2,3,4
687915,0,1,2,3,4
641682,0,1,2,3,4
305998,0,1,2,3,4
44884,0,1,2,3,4
442142,0,1,2,3,4
988908,0,1,2,3,4
668398,0,1,2,3,4
353337,0,1,2,3,4
998099,0,1,2,3,4
491097,0,1,2,3,4
554593,0,1,2,3,4
995559,0,1,2,3,4
1065322,0,1,2,3,4
756070,0,1,2,3,4
804173,0,1,2,3,4
215976,0,1,2,3,4
701175,0,1,2,3,4
756292,0,1,2,3,4
691205,0,1,2,3,4
512586,0,1,2,3,4
27090,0,1,2,3,4
112484,0,1,2,3,4
8990,0,1,2,3,4
159070,0,1,2,3,4
909663,0,1,2,3,4
105307,0,1,2,3,4
606032,0,1,2,3,4
669119,0,1,2,3,4
72338,0,1,2,3,4
163395,0,1,2,3,4
257493,0,1,2,3,4
480721,0,1,2,3,4
24644,0,1,2,3,4
613731,0,1,2,3,4
705535,0,1,2,3,4
1009758,0,1,2,3,4
911193,0,1,2,3,4
981465,0,1,2,3,4
63812,0,1,2,3,4
663320,0,1,2,3,4
213892,0,1,2,3,4
484696,0,1,2,3,4
1013003,0,1,2,3,4
441654,0,1,2,3,4
78963,0,1,2,3,4
811965,0,1,2,3,4
234286,0,1,2,3,4
11082,0,1,2,3,4
477355,0,1,2,3,4
552576,0,1,2,3,4
288836,0,1,2,3,4
325772,0,1,2,3,4
773533,0,1,2,3,4
91128,0,1,2,3,4
1152680,0,1,2,3,4
824715,0,1,2,3,4
479504,0,1,2,3,4
148811,0,1,2,3,4
83250,0,1,2,3,4
1133574,0,1,2,3,4
663422,0,1,2,3,4
32608,0,1,2,3,4
365883,0,1,2,3,4
49235,0,1,2,3,4
